1356868800,5,26,15,11,14,7,20,0,0,42,34,0,7,0,0,0,0,0,0,0,0,0,0,0,0,2,1,3,1,1,2,1,1,1,1,0,0,0,16,10,10,0,8,45,33,0,0,0,17,40,0,0,45,0,0,0,7,0,35,0,0,0,10,0,19,0,4,27,18,8,27,0,1,1,0,4,0,3,27,0,0,0,0,0,0,0,0,0,0,0,0,0,0,0,0,36,0,0,0,0,28,0,0,0,0,45,15,3,0,0,0,0,0,0,0,0,0,0,37,0,0,0,0,0,0,0,0,0,0,0,0,0,0,0,0,21,36,0,32,0,0,12,45,0,0,0,0,0,26,0,0,22,47,0,34,14,0,0,2,5,37,0,0,0,0,32,0,0,27,20,0,0,0,0,1,1,1,1,1,1,4,3,1,1,1,1,1,0,1,1,3,1,1,4,1,17,1,2,2,1,1,1,1,1,1,1,1,1,1,1,1,1,1,1,1,1,1,0,1,1,2,2,1,1,43,1,0,2,1,1,1,1,1,2,1,1,1,1,13,7,17,11,26,31,32,23,13,2,6,5,1,8,1,1,1,1,4,2
1356868800,2,2,2,0,0,34,0,12,0,0,32,0,0,0,0,0,0,0,0,0,0,0,0,0,0,7,14,11,18,15,4,21,30,37,0,0,0,0,0,0,50,0,0,0,8,0,48,45,37,0,6,36,0,0,18,0,0,30,0,19,0,0,0,0,0,0,0,42,0,0,0,0,21,21,0,5,27,14,2,0,0,0,0,0,0,0,0,0,0,0,0,0,0,0,0,35,0,22,0,0,0,31,0,7,20,50,28,48,22,17,0,0,0,0,0,0,0,0,50,11,5,0,5,26,0,22,2,0,12,0,0,0,0,0,0,6,0,4,0,26,16,20,27,7,0,0,0,0,12,0,0,43,0,0,0,0,0,0,0,24,16,0,0,0,0,0,0,0,13,29,0,0,0,0,23,41,7,28,41,16,26,0,0,0,0,20,44,7,0,0,0,42,39,0,19,0,0,0,12,18,22,24,15,8,0,17,0,0,21,2,0,10,28,27,14,6,18,0,22,24,16,27,0,21,0,16,0,5,16,0,33,0,25,0,6,9,0,9,0,0,0,0,0,0,0,0,9,8,42,48,30,22,23,2,5,5,2,5
1356868800,4,6,6,0,30,8,0,0,0,33,12,0,0,0,0,0,0,0,0,0,0,0,23,0,0,1,49,1,2,4,1,5,0,4,35,16,0,0,0,0,0,0,0,0,9,18,0,16,0,0,0,0,50,37,0,0,0,50,0,21,0,0,0,0,0,0,0,11,0,0,0,0,2,44,0,0,10,0,10,0,3,0,0,0,0,0,0,0,0,0,0,0,0,0,0,7,0,2,0,17,42,2,0,0,28,2,13,43,0,27,0,0,0,39,0,0,0,0,31,0,0,0,13,0,0,37,0,0,13,0,0,0,0,0,0,32,0,0,0,0,11,0,28,0,40,13,0,41,21,28,0,24,0,17,37,0,0,0,0,46,42,0,0,0,0,40,0,0,0,0,0,0,0,0,5,11,15,6,11,2,30,39,9,0,37,28,8,0,12,15,10,15,10,12,22,26,7,3,4,9,5,11,11,2,19,5,20,39,8,3,9,3,6,11,23,3,0,0,14,20,18,9,0,3,14,2,0,11,6,3,0,18,13,28,3,2,34,3,23,17,16,0,0,43,44,36,28,47,37,25,46,0,44,28,4,11,1,3
1356868800,14,8,10,0,0,18,0,0,0,0,49,0,0,0,0,0,0,0,0,0,0,0,49,0,0,5,0,2,5,0,3,13,0,6,50,17,0,0,0,0,0,0,0,0,29,0,0,0,0,0,3,8,0,11,0,0,0,39,0,16,0,0,0,0,0,0,0,23,0,0,0,0,6,0,0,18,7,0,0,0,10,0,0,0,0,0,0,0,0,0,0,0,0,0,0,19,0,6,0,4,26,43,0,0,0,4,5,0,0,0,0,0,0,0,46,0,0,0,0,0,0,0,8,0,0,0,0,0,48,0,0,0,0,0,0,0,0,0,0,0,37,0,0,0,14,29,0,35,0,41,0,41,0,33,0,47,0,0,0,0,0,0,0,0,0,37,0,0,0,0,0,0,0,0,10,23,0,7,21,3,23,36,12,16,0,0,17,0,26,21,11,29,41,0,24,0,0,20,0,20,16,8,16,7,21,23,2,33,33,4,16,11,11,20,11,8,0,0,0,31,22,14,0,5,19,8,0,0,24,14,35,22,17,37,7,5,0,4,44,30,15,39,0,48,38,39,0,36,0,36,50,27,50,20,8,3,6,4
1356868800,0,25,19,0,0,14,26,2,18,1,9,0,6,0,0,0,0,0,0,0,0,0,0,0,0,4,21,9,17,13,5,2,0,10,16,12,0,0,0,0,0,50,0,7,7,7,4,1,2,4,4,3,4,4,4,7,2,5,0,3,0,0,43,0,0,0,50,5,0,5,33,0,5,14,0,15,25,15,0,0,0,0,0,0,0,0,0,0,0,0,0,0,0,0,0,8,0,1,0,11,16,0,0,4,39,3,16,47,29,28,33,0,0,10,12,0,0,0,0,0,0,0,6,0,0,0,6,0,0,41,15,39,0,0,0,1,35,3,0,6,9,27,5,3,1,11,0,3,6,9,0,36,15,0,31,20,14,0,31,13,18,0,0,2,0,0,0,0,17,12,0,0,0,0,18,38,0,49,15,9,43,22,21,5,28,27,27,0,15,16,12,10,7,0,7,32,8,9,0,44,6,2,6,4,2,15,17,6,5,5,7,7,9,7,7,5,9,0,3,13,1,12,0,6,0,3,0,9,5,20,27,7,6,0,9,7,18,7,1,1,1,2,12,21,27,17,2,1,7,3,2,14,2,3,3,4,8,8
1356868800,3,3,3,0,0,25,0,0,0,0,20,0,0,0,0,0,0,0,0,0,0,0,0,0,0,3,0,33,8,0,8,25,43,11,4,0,0,0,0,0,37,35,47,0,6,0,0,0,0,48,0,0,0,0,0,0,17,0,0,41,0,0,0,0,0,0,0,46,45,0,0,0,8,0,0,7,44,0,0,0,0,0,0,0,0,0,0,34,0,0,0,0,0,0,0,0,0,37,0,0,0,0,0,0,41,7,9,0,28,7,0,0,0,0,0,0,0,0,0,32,0,0,0,0,0,0,0,0,45,0,0,0,0,0,0,31,0,0,0,0,38,0,48,0,0,0,0,0,0,36,33,25,0,0,10,0,0,0,0,0,26,0,0,0,0,0,0,0,0,0,0,0,0,0,13,16,5,9,8,8,5,4,4,29,17,0,4,0,21,25,14,8,13,2,5,0,15,1,1,3,4,3,7,6,4,2,15,4,6,6,3,2,3,15,5,2,2,0,2,3,3,1,20,2,1,5,0,4,2,4,14,10,2,4,2,3,3,2,3,5,4,7,15,20,25,30,26,20,17,8,13,18,20,4,2,2,3,1
1356868800,24,35,24,0,0,27,0,0,0,0,29,0,0,0,0,0,0,0,0,0,0,0,0,0,0,8,0,12,9,45,9,6,18,14,0,0,0,0,0,0,0,0,0,0,14,0,0,28,20,33,13,30,0,0,37,41,0,24,3,28,0,0,0,0,0,0,0,43,0,0,0,0,19,42,0,11,0,44,0,0,0,0,0,0,0,0,0,0,0,0,0,0,0,0,0,15,0,32,0,0,0,0,0,40,42,0,0,0,41,23,0,0,0,0,0,0,0,0,35,4,32,0,19,0,0,0,24,0,22,0,0,0,0,0,0,24,0,16,24,21,8,17,13,12,0,0,0,31,18,38,0,37,0,0,26,0,0,0,0,22,8,0,0,0,0,0,0,0,0,0,0,0,0,0,34,0,0,36,0,17,0,0,0,0,0,5,40,0,0,40,0,25,0,27,14,0,26,0,18,17,17,6,14,3,0,34,0,0,13,7,24,15,19,26,18,4,21,0,10,5,0,25,37,7,0,17,0,20,9,12,0,11,32,0,5,6,28,12,14,18,46,0,42,27,0,0,0,34,0,0,0,28,38,35,21,20,5,6
1356868800,16,7,13,0,0,0,0,0,0,26,33,0,0,0,0,0,0,0,0,0,0,0,0,0,0,21,36,26,0,19,17,8,0,9,0,34,0,0,0,0,0,0,0,0,46,0,18,46,38,0,15,48,0,0,46,0,0,0,0,31,0,0,0,0,0,0,0,0,0,0,0,0,0,0,0,19,0,0,12,0,0,0,0,0,0,0,0,0,0,0,0,0,0,0,0,14,0,0,0,0,6,4,0,48,0,33,0,49,34,26,0,0,0,0,0,0,0,0,25,0,2,0,42,0,0,15,3,0,17,0,0,0,0,42,0,17,0,41,0,0,17,39,29,22,0,14,0,0,32,0,0,0,0,0,0,0,0,0,0,47,0,0,0,0,0,0,0,0,42,0,0,0,0,0,29,0,22,23,27,21,0,0,32,0,0,0,34,0,0,0,0,0,0,0,29,0,38,0,0,0,25,0,39,28,0,35,0,0,0,8,0,31,0,32,0,15,43,0,0,42,35,26,0,33,0,22,0,23,0,0,0,0,0,0,18,24,0,32,0,0,0,0,0,0,0,0,11,6,19,24,28,34,41,18,11,7,11,22
1356868800,0,0,0,0,0,0,0,0,0,0,0,0,0,0,0,0,0,0,0,0,0,0,0,0,0,0,35,0,0,38,12,22,11,30,19,0,0,0,0,0,0,0,0,0,0,0,0,0,0,0,0,0,0,0,0,0,0,0,0,0,0,0,0,0,0,0,0,0,0,0,0,0,24,10,0,0,0,0,0,0,0,0,0,0,0,0,0,0,0,0,0,0,0,0,0,0,0,0,0,0,0,0,0,0,0,0,0,0,0,0,0,0,0,0,0,0,0,0,0,0,0,0,0,0,0,0,0,0,0,0,0,0,0,0,0,0,0,0,0,0,0,0,0,0,0,0,0,0,0,0,0,0,0,0,0,0,0,0,0,0,0,0,0,0,0,0,0,0,0,0,0,0,0,0,0,0,0,45,25,0,0,0,45,0,0,6,0,0,38,0,0,48,0,0,12,0,2,0,31,7,10,19,28,17,0,11,0,11,35,9,15,21,0,16,17,39,19,0,11,11,11,18,7,10,0,18,0,30,0,0,4,20,30,0,27,10,0,37,0,0,0,0,0,0,0,0,0,33,0,0,0,30,11,23,48,24,46,45
1356868800,1,1,1,0,2,5,7,27,0,8,14,6,0,0,0,0,0,0,0,0,0,0,0,0,0,6,2,7,4,3,6,3,8,3,2,0,0,0,0,0,9,0,16,5,40,22,0,15,0,44,0,0,10,0,19,0,5,44,0,46,0,0,8,0,3,0,8,4,1,4,3,0,3,4,0,2,9,2,0,0,0,0,0,0,0,0,0,0,0,0,0,0,0,0,0,0,0,9,0,0,0,0,0,13,25,1,1,1,21,19,0,0,0,0,36,0,0,0,0,0,10,0,0,0,0,0,0,0,50,0,0,0,0,0,0,19,16,0,12,13,13,10,8,2,0,6,0,23,8,17,24,8,13,0,14,3,12,1,14,9,2,0,0,7,0,0,0,0,0,46,0,0,0,0,15,5,6,14,2,10,6,10,23,4,16,8,14,0,7,9,34,12,2,3,2,40,5,5,8,2,2,4,2,5,16,12,7,12,3,10,2,6,7,2,6,9,3,0,6,6,8,5,4,4,0,4,0,12,15,2,2,4,4,0,10,4,9,8,4,2,3,9,21,41,34,22,36,26,20,11,10,16,22,7,13,17,19,12
1356868800,0,29,12,0,0,15,0,0,0,0,0,0,0,0,0,0,0,0,0,0,0,0,0,0,0,32,0,0,14,25,43,18,0,16,13,0,0,0,20,11,12,0,6,25,0,33,21,0,42,0,0,0,0,24,0,29,0,0,2,0,0,0,20,40,0,0,21,0,36,0,13,0,26,0,0,0,32,35,0,0,0,0,0,0,0,0,0,0,0,0,0,0,0,0,37,4,0,0,0,0,0,3,0,0,50,32,33,16,26,30,0,0,0,0,0,0,0,0,0,0,0,0,0,0,0,0,0,0,0,0,0,0,0,0,0,0,0,23,33,0,43,0,36,0,0,0,0,0,50,25,34,30,31,0,43,24,36,0,11,45,0,21,0,0,0,41,0,0,0,38,0,0,0,0,0,26,2,29,16,40,47,40,0,47,0,0,23,0,22,0,37,6,6,0,6,5,4,11,20,5,7,14,3,9,23,25,36,3,10,11,4,8,4,4,3,12,8,0,9,2,4,15,8,24,0,6,0,3,37,16,3,2,11,0,8,8,8,10,6,13,7,20,23,32,40,29,32,25,32,15,6,17,6,8,9,6,13,32
1356868800,0,0,0,0,0,0,0,0,0,0,0,0,0,0,0,0,0,0,0,0,0,0,0,0,0,0,16,0,0,47,0,0,0,35,12,0,0,0,0,0,0,0,0,0,0,0,0,0,0,0,0,0,0,0,0,0,0,0,0,0,0,0,0,0,0,0,0,0,0,0,0,0,35,0,0,0,0,0,0,0,0,0,0,0,0,0,0,0,0,0,0,0,0,0,0,0,0,0,0,0,0,0,0,0,0,0,0,0,0,0,0,0,0,0,0,0,0,0,0,0,0,0,0,0,0,0,0,0,0,0,0,0,0,0,0,0,0,0,0,0,0,0,0,0,0,0,0,0,0,0,0,0,0,0,0,0,0,0,0,0,0,0,0,0,0,0,0,0,0,0,0,0,0,0,0,0,0,42,47,0,0,0,0,0,33,0,0,0,0,0,0,44,0,0,8,0,10,0,0,12,8,30,0,35,0,0,0,32,0,12,46,30,36,33,0,0,20,0,20,14,24,44,14,13,0,28,0,37,0,25,13,23,0,0,34,11,0,31,0,0,0,0,0,0,0,0,0,0,0,0,0,0,19,26,42,34,0,0
1356868800,0,0,0,0,0,0,0,0,0,0,0,0,0,0,0,0,0,0,0,0,0,0,0,0,0,0,0,0,0,0,0,0,0,0,14,0,0,0,0,0,0,0,0,0,0,0,0,0,0,0,0,0,0,0,0,0,0,0,0,0,0,0,0,0,0,0,0,0,0,0,0,0,29,0,0,0,0,0,0,0,0,0,0,0,0,0,0,0,0,0,0,0,0,0,0,0,0,0,0,0,0,0,0,0,0,35,50,0,0,45,0,0,0,0,0,0,0,0,0,0,0,0,0,0,0,0,0,0,0,0,0,0,0,0,0,0,0,0,0,0,0,0,0,0,0,0,0,0,0,0,0,0,0,0,0,0,0,0,0,0,0,0,0,0,0,0,0,0,0,0,0,0,0,0,0,0,0,0,0,43,0,0,0,0,0,0,0,0,0,0,0,0,0,0,0,0,0,0,0,48,27,35,25,20,0,14,0,0,23,13,28,22,0,0,0,47,30,0,0,0,14,0,0,15,16,9,0,45,27,0,0,0,27,0,19,15,0,29,0,0,0,0,0,0,0,0,0,0,4,7,18,49,0,36,19,38,10,7
1356868800,44,40,41,0,0,0,0,0,0,0,0,0,0,0,0,0,0,0,0,0,0,0,0,0,0,44,0,22,12,18,27,23,0,20,15,0,0,0,0,0,0,0,0,0,0,0,0,0,0,0,0,0,0,0,0,0,0,0,0,0,0,0,0,0,0,0,0,0,0,0,0,0,0,0,0,0,0,0,0,0,0,0,0,0,0,0,0,0,0,0,0,0,0,0,0,0,0,0,0,0,0,0,0,0,0,0,48,0,0,0,0,0,0,0,0,0,0,0,0,0,0,0,0,0,0,0,0,0,0,0,0,0,0,0,0,0,0,0,0,0,0,0,0,0,0,0,0,0,0,0,0,0,0,0,0,0,0,0,0,0,20,0,0,0,0,0,0,0,0,0,0,0,0,0,0,0,0,0,0,26,0,0,0,0,0,0,0,0,0,0,0,0,11,0,25,0,0,0,5,0,39,0,36,16,0,0,0,0,44,14,18,41,0,39,16,29,0,0,18,0,29,43,0,35,41,46,0,33,0,19,0,0,0,0,29,19,0,0,7,12,9,28,41,40,45,46,0,38,0,0,25,33,26,29,31,14,9,28
1356868800,43,0,43,23,0,45,0,0,0,0,0,0,0,0,0,0,0,0,0,0,0,0,0,0,0,12,0,35,0,0,39,10,17,8,5,0,0,0,0,0,0,0,0,0,0,0,0,27,0,0,0,0,0,0,0,0,0,0,0,0,0,0,0,0,0,0,0,0,0,0,49,0,18,0,0,0,0,0,0,0,0,0,0,0,0,0,0,0,0,0,0,0,0,14,0,0,0,0,0,0,0,0,0,0,0,0,10,0,0,0,0,0,0,0,0,0,0,0,0,0,0,0,0,0,0,0,0,0,0,0,0,0,0,0,0,0,0,0,21,48,33,35,30,0,0,20,0,0,0,0,0,0,0,0,0,0,0,0,0,0,0,0,0,41,0,46,0,0,0,0,0,0,0,0,0,0,47,0,0,47,0,0,0,0,0,14,0,0,0,0,0,9,27,0,4,0,25,0,0,16,19,13,26,10,25,0,48,0,15,15,13,14,42,35,29,11,11,0,0,0,27,4,12,8,0,12,0,6,17,6,10,19,19,33,20,26,44,13,2,9,2,19,17,28,36,40,43,16,14,9,3,19,13,37,7,16,22,21
1356868800,13,14,25,0,0,0,0,21,0,0,0,0,0,0,0,0,0,0,0,0,0,0,0,0,0,24,0,36,0,27,18,0,31,38,0,0,0,0,0,0,0,0,0,0,50,0,28,0,0,0,0,0,0,0,0,0,0,0,0,0,0,0,0,0,0,0,0,0,0,0,0,0,0,33,0,44,0,30,0,0,0,0,0,0,0,0,0,0,0,0,0,0,0,0,0,40,0,0,0,0,50,0,0,0,0,29,0,0,0,0,0,0,0,0,0,0,0,0,20,9,23,0,17,0,0,42,9,0,23,0,0,0,0,28,0,40,0,0,0,0,49,0,0,0,0,0,0,0,0,0,0,0,0,0,0,0,0,0,0,0,40,0,0,0,0,39,0,0,0,0,0,0,0,0,0,0,10,0,0,38,0,0,0,0,0,0,0,0,0,0,0,50,0,0,27,0,0,0,0,31,50,0,29,29,0,0,0,0,0,16,0,37,0,36,0,19,0,0,0,0,36,0,0,0,24,24,0,14,0,0,0,0,0,0,13,44,0,34,0,0,0,0,0,0,0,0,4,4,22,33,48,32,31,6,10,9,7,24
1356868800,32,0,0,0,0,0,0,0,0,0,0,0,0,0,0,0,0,0,0,0,0,0,0,0,0,40,0,0,0,0,33,0,0,0,20,0,0,0,0,0,0,0,0,0,0,0,0,0,0,0,0,0,0,0,0,0,0,0,0,0,0,0,0,0,0,0,0,0,0,0,0,0,0,0,0,0,0,0,0,0,34,0,0,0,0,0,0,0,0,0,0,0,0,0,0,0,0,0,0,0,0,0,0,0,0,17,39,0,0,50,0,0,0,0,0,0,0,0,0,0,0,0,0,0,0,0,0,0,0,0,0,0,0,0,0,0,0,0,0,0,0,0,0,0,0,0,0,0,0,0,0,0,0,0,0,0,0,0,0,0,0,0,0,0,0,0,0,0,0,0,0,0,0,0,41,0,0,0,0,29,0,0,35,0,0,0,0,0,0,0,0,0,0,0,0,0,46,0,0,39,0,22,18,19,26,28,0,0,18,17,17,24,0,0,0,24,6,0,28,34,6,34,0,11,11,11,0,26,25,0,0,28,16,0,21,21,0,17,0,0,0,0,0,0,0,0,0,0,5,2,5,47,27,21,17,40,16,11
1356868800,20,19,20,0,0,0,0,0,0,0,43,0,0,0,0,0,0,0,0,0,0,0,0,0,0,10,0,0,23,0,16,28,0,0,0,0,0,0,0,0,0,0,0,0,12,0,0,0,0,0,0,0,0,0,0,0,0,0,0,43,0,0,0,0,0,0,0,0,0,0,0,0,20,0,0,0,0,0,0,0,0,0,0,0,0,0,0,0,0,0,0,0,0,0,0,0,0,0,0,0,0,0,0,0,0,22,18,0,0,22,0,0,0,0,0,0,0,0,0,0,0,0,0,0,0,47,0,0,0,0,0,0,0,0,0,37,0,0,0,0,44,0,0,0,0,0,0,0,0,0,0,0,0,0,0,0,0,0,0,0,0,0,0,0,0,0,0,0,0,0,0,0,0,0,28,49,40,20,46,12,19,19,36,0,0,0,29,0,0,0,0,30,47,42,0,28,45,17,7,29,11,45,30,23,6,8,0,8,47,18,19,18,20,0,0,20,17,0,0,37,21,10,0,45,3,21,0,0,28,43,0,0,26,0,14,16,0,16,17,0,43,0,0,34,0,0,0,0,0,0,0,0,0,45,14,22,14,13
1356868800,6,5,16,9,3,2,0,5,32,32,2,8,0,0,0,0,0,0,0,45,0,0,0,0,0,13,41,10,0,33,34,19,0,12,0,0,0,0,0,0,0,0,49,26,15,15,50,0,0,0,27,0,21,48,35,17,3,0,0,14,32,0,2,0,2,0,7,1,2,1,5,0,12,6,0,24,8,43,33,10,0,0,28,0,0,0,0,0,0,0,0,0,0,0,0,0,0,0,0,0,1,5,45,19,8,37,25,23,0,25,15,0,20,7,6,0,0,0,9,20,16,4,35,39,0,0,0,1,5,21,11,0,0,0,21,3,31,30,9,3,3,22,9,16,0,26,0,2,5,0,0,32,24,0,5,0,0,24,0,1,1,0,0,8,0,0,0,27,29,11,0,0,0,0,7,14,0,17,19,6,21,6,11,22,5,0,12,0,17,20,19,32,4,0,0,0,48,0,0,11,46,48,13,14,0,27,0,36,48,19,32,25,31,43,0,16,25,0,49,43,0,0,0,42,0,42,0,0,0,0,0,0,0,0,23,36,29,0,0,6,27,14,1,6,19,24,0,13,36,13,22,21,34,38,32,10,25,38
1356868800,0,0,0,24,6,0,17,44,15,0,0,0,0,0,0,0,0,0,0,0,0,0,0,0,0,0,0,0,19,0,11,9,0,2,0,0,0,0,0,0,15,0,36,0,41,23,0,0,0,0,0,0,47,33,38,0,0,0,0,0,0,0,0,0,0,0,25,0,0,0,0,0,34,0,8,10,0,0,0,0,8,0,0,0,0,0,0,0,0,0,0,0,0,0,0,0,0,0,0,0,0,38,0,0,0,44,19,0,1,2,48,0,0,0,27,0,0,0,0,0,0,0,0,0,0,0,0,0,0,19,0,24,0,0,19,9,3,35,0,0,0,0,25,0,0,0,0,9,25,18,2,6,2,14,24,1,0,0,19,0,14,0,0,0,0,0,0,0,0,0,0,0,0,0,0,50,11,37,14,0,0,12,0,10,0,0,22,0,48,0,29,11,5,28,10,1,6,15,48,8,15,7,10,15,13,26,50,5,7,20,0,23,25,12,4,14,12,0,4,7,20,0,2,0,0,26,0,8,8,9,0,8,3,16,11,13,5,25,0,0,0,47,0,0,0,0,0,0,0,46,0,0,35,48,0,43,43,20
1356868800,0,17,0,39,17,11,0,0,0,18,4,19,0,0,0,0,0,0,0,0,0,0,0,0,0,30,5,6,0,0,45,34,0,23,0,0,0,0,0,0,0,0,0,0,0,0,1,0,13,2,1,1,8,2,2,4,8,2,23,1,3,0,47,0,28,0,13,18,0,0,17,0,9,48,0,9,21,4,1,0,0,0,7,0,0,0,0,0,0,0,0,0,0,0,0,0,0,48,0,0,0,0,0,0,3,0,0,0,46,0,0,0,0,0,0,0,0,0,1,0,4,41,27,0,0,1,1,0,1,0,0,0,0,0,0,2,0,20,42,23,10,7,11,9,0,24,0,6,28,0,0,0,0,0,0,0,0,0,0,35,9,0,0,0,0,0,0,0,45,0,0,0,0,0,6,2,0,2,9,5,10,9,3,13,14,2,10,2,20,13,2,0,37,0,30,0,0,0,0,0,38,0,43,26,0,19,0,0,0,21,21,42,0,0,0,0,0,0,0,9,0,6,0,0,0,0,0,0,0,49,0,32,0,0,16,31,0,49,0,0,0,0,0,0,0,0,0,0,0,0,0,0,0,0,46,18,32,34
1356868800,28,36,14,0,0,31,21,10,0,4,15,14,0,0,0,14,19,37,28,34,23,0,0,26,23,11,0,27,32,26,10,35,0,50,38,11,0,0,4,25,3,0,3,10,3,25,26,10,18,6,10,31,3,8,8,35,44,12,0,7,36,0,17,0,15,0,5,8,8,27,4,0,13,22,10,8,6,25,29,40,0,0,0,0,25,34,0,3,0,41,14,0,39,0,34,0,0,18,0,0,0,18,2,0,27,31,20,41,16,21,0,0,0,0,0,0,0,0,0,0,0,0,0,0,0,0,0,0,0,0,0,0,0,0,0,46,17,0,8,12,6,4,3,0,0,3,0,12,3,0,0,29,0,0,20,44,0,0,15,12,0,0,0,5,0,14,0,0,0,40,0,0,0,0,4,3,8,8,4,7,8,1,6,27,6,19,6,32,4,2,1,13,0,9,36,0,11,0,41,19,28,12,17,11,0,22,22,13,14,22,26,12,14,5,0,18,14,0,0,25,28,7,15,18,0,15,0,13,0,27,12,35,10,21,26,49,4,20,15,24,13,25,29,25,49,37,37,39,50,32,0,0,0,0,0,0,0,0
1356868800,29,31,30,15,28,0,0,36,0,0,0,0,0,0,12,12,17,8,10,15,6,11,16,30,9,27,0,0,0,11,42,49,0,0,6,33,0,4,1,2,2,0,7,35,0,20,0,0,8,0,0,0,33,39,48,16,24,0,0,0,0,0,0,14,36,0,14,0,27,41,29,0,17,2,0,40,19,8,0,0,0,0,3,0,0,0,0,0,0,0,0,0,15,0,0,0,0,0,0,0,0,0,6,15,0,12,22,4,23,18,0,0,0,0,0,0,0,0,43,0,0,39,0,0,0,0,0,0,0,0,0,0,0,0,0,33,7,9,4,7,7,3,7,0,0,10,0,10,4,43,28,31,25,7,0,38,0,0,8,0,11,0,0,0,0,0,0,0,0,25,0,0,0,0,26,33,9,27,13,19,7,48,25,24,8,22,7,5,11,8,22,3,29,0,9,0,47,0,22,14,23,16,12,24,40,29,0,0,12,23,14,9,17,31,12,17,16,0,7,18,13,17,40,27,0,20,0,15,14,11,18,13,29,0,40,0,20,5,0,0,0,0,0,0,0,0,0,0,0,0,39,0,40,19,6,13,28,43
1356868800,30,30,40,0,0,0,0,0,0,0,0,0,0,0,0,0,0,0,0,0,0,0,0,0,0,41,0,0,0,23,24,0,33,0,0,0,0,0,0,0,0,0,0,0,0,0,0,0,0,0,0,0,0,0,0,0,0,0,0,0,0,0,0,0,0,0,0,0,0,0,0,0,0,35,0,0,0,0,36,0,0,0,0,0,0,0,0,0,0,0,0,0,0,0,0,0,0,0,0,0,0,12,0,0,0,38,0,0,0,0,0,0,0,0,0,0,0,0,28,22,0,0,20,0,0,32,4,0,31,0,0,0,0,0,0,0,0,0,0,0,0,0,0,0,21,0,0,0,0,0,0,0,0,0,0,0,0,0,0,0,0,0,0,0,0,50,0,0,0,0,0,0,0,0,0,0,20,0,0,48,0,0,0,0,0,0,0,0,0,0,0,0,0,0,28,0,0,0,0,0,0,0,0,40,0,0,0,0,0,24,0,0,0,0,0,50,0,0,0,0,0,0,0,0,0,29,0,17,0,0,0,0,0,0,24,0,0,44,0,0,0,0,0,0,0,0,6,5,28,0,0,39,0,13,12,26,12,19
1356868800,18,33,22,5,11,1,22,4,0,0,25,0,0,0,0,0,0,0,0,0,0,0,0,0,0,15,7,19,3,2,0,4,20,7,9,0,0,0,0,0,0,0,0,38,0,43,0,0,0,0,0,0,49,0,0,0,0,0,25,0,0,0,1,0,4,0,3,10,6,3,11,0,15,23,0,1,38,10,0,0,0,0,0,0,0,0,0,0,0,0,0,0,0,0,0,0,0,0,0,0,0,13,0,0,29,10,11,5,19,4,0,0,34,0,28,0,0,0,0,0,6,0,0,0,0,0,0,0,0,0,0,0,0,0,0,0,12,0,23,4,19,8,15,18,0,12,0,0,45,11,6,10,16,30,15,4,0,0,0,18,13,0,0,9,0,0,0,0,0,0,0,0,0,0,22,7,4,11,6,24,11,5,17,2,3,0,18,0,5,6,18,7,35,0,17,25,20,4,16,6,18,10,8,13,45,24,21,14,32,25,10,17,32,22,9,26,5,0,8,4,5,8,0,14,0,7,0,7,12,7,20,6,8,45,36,37,21,19,0,0,0,0,0,0,2,1,1,7,11,4,4,15,5,12,23,0,33,17
1356868800,0,0,0,0,0,0,0,0,0,0,0,0,0,0,0,0,0,0,0,0,0,0,0,0,0,0,32,0,0,0,0,43,0,0,0,0,0,0,0,0,0,0,0,0,0,0,0,0,0,0,0,0,0,0,0,0,0,0,0,0,0,0,0,0,0,0,0,0,0,0,0,0,43,0,0,0,0,0,0,0,0,0,0,0,0,0,0,0,0,0,0,0,0,0,0,0,0,0,0,0,0,0,0,0,0,0,0,0,0,0,0,0,0,0,0,0,0,0,0,0,0,0,0,0,0,0,0,0,0,0,0,0,0,0,0,0,0,0,0,0,0,0,0,0,0,0,0,0,0,0,0,0,0,0,0,0,0,0,0,0,0,0,0,0,0,0,0,0,0,0,0,0,0,0,0,0,23,0,0,0,0,0,0,0,0,0,0,0,0,0,0,0,0,0,0,0,18,0,0,40,33,0,0,0,0,0,0,0,0,26,0,0,0,0,0,0,44,0,41,0,0,40,28,0,0,0,0,0,0,0,37,0,0,0,0,22,0,0,0,0,0,0,0,0,0,0,0,0,0,0,0,0,46,0,0,0,0,0
1356868800,42,11,8,26,0,0,0,0,0,0,0,0,0,0,0,0,0,0,0,0,0,0,0,0,0,0,0,0,0,0,0,0,0,0,0,0,0,0,0,0,0,0,0,0,0,0,0,0,0,0,0,0,0,0,0,0,0,0,0,0,0,0,0,0,0,0,0,0,0,0,0,0,0,0,31,0,0,0,0,0,0,0,0,0,0,0,0,0,0,0,0,0,0,0,0,0,0,0,0,0,0,0,0,0,0,11,8,10,12,32,0,0,0,0,0,0,0,0,0,0,0,0,0,0,0,0,0,0,0,0,0,0,0,0,0,0,0,0,0,0,0,0,0,0,0,0,0,0,0,0,0,0,38,39,0,0,0,0,0,0,0,0,0,0,0,0,0,0,0,0,0,0,0,0,0,0,0,0,0,0,0,0,0,0,0,0,0,0,0,0,0,16,0,49,13,13,13,0,0,13,0,17,20,21,37,10,0,37,31,27,6,16,18,0,19,22,27,0,13,16,15,16,16,0,0,25,0,24,48,0,6,5,22,0,4,23,17,18,0,0,0,0,0,0,0,0,0,0,0,0,0,0,0,46,16,35,40,0
1356868800,45,23,0,0,0,0,0,0,0,0,0,0,0,0,0,0,0,0,0,0,0,0,0,0,0,42,0,38,0,20,31,0,28,49,0,0,0,0,0,0,0,0,0,0,0,0,0,0,0,0,0,0,0,0,0,0,0,0,0,0,0,0,0,0,0,0,0,0,0,0,0,0,0,25,0,0,0,0,0,0,0,0,0,0,0,0,0,0,0,0,0,0,0,0,0,0,0,0,0,0,0,0,0,0,0,0,0,0,0,0,0,0,0,0,0,0,0,0,0,10,0,0,41,0,0,45,39,16,29,0,0,0,0,0,0,0,0,0,0,0,0,0,0,0,0,0,0,0,0,0,0,0,0,0,0,0,0,0,49,0,0,0,0,0,0,0,0,0,0,0,0,0,0,0,0,0,0,0,0,0,0,0,0,0,0,34,0,0,0,0,0,0,0,0,35,0,0,0,0,0,0,0,0,0,0,0,0,0,0,28,0,0,0,0,0,40,0,0,39,0,0,0,0,0,0,35,0,28,0,0,0,0,0,0,31,0,0,0,0,0,0,0,0,0,0,0,10,9,31,0,0,0,0,25,22,28,17,42
1356868800,0,0,0,0,0,0,0,0,0,0,0,0,0,0,0,0,0,0,0,0,0,0,0,0,0,0,0,0,0,0,0,0,0,0,0,0,0,0,0,0,0,0,0,0,0,0,0,0,0,0,0,0,0,0,0,0,0,0,0,0,0,0,0,0,0,0,0,0,0,0,0,0,36,36,0,0,0,0,0,0,0,0,0,0,0,0,0,0,0,0,0,0,0,0,0,0,0,0,0,0,0,0,0,0,0,0,0,0,0,0,0,0,0,0,0,0,0,0,0,0,0,0,0,0,0,0,0,0,0,0,0,0,0,0,0,0,0,0,0,0,0,0,0,0,0,0,0,0,0,0,0,0,0,0,0,0,0,0,0,0,0,0,0,0,0,0,0,0,0,0,0,0,0,0,0,0,0,0,0,0,0,0,0,0,46,0,0,0,0,0,0,0,0,0,26,50,14,0,0,36,14,0,0,0,0,0,0,0,0,29,0,49,0,49,0,0,32,0,29,17,0,0,0,49,0,48,0,0,0,45,0,0,0,0,0,20,0,0,0,0,0,0,0,0,0,0,0,0,0,0,0,0,0,0,0,0,0,0
1356868800,0,0,0,0,0,0,0,0,0,0,0,0,0,0,0,0,0,0,0,0,0,0,0,0,0,0,0,0,7,0,15,7,0,5,44,0,0,0,34,0,8,0,9,0,0,0,0,0,0,0,0,0,0,0,0,0,0,0,0,0,0,0,0,0,0,0,0,0,34,0,0,0,0,0,0,13,0,31,0,0,0,0,0,0,0,0,0,0,0,0,0,0,0,0,0,28,0,0,0,0,0,10,0,0,0,0,0,31,43,0,0,0,0,0,0,0,0,0,0,0,0,0,0,0,28,0,0,0,0,0,0,0,0,0,0,0,19,0,47,0,0,30,0,0,0,0,0,0,0,0,30,45,41,0,0,29,0,0,0,0,0,0,0,0,0,0,0,0,0,19,0,0,0,0,0,0,39,0,0,0,0,0,0,23,0,0,0,0,0,0,0,4,3,11,3,29,3,16,25,4,3,5,9,12,7,3,0,2,2,30,22,13,8,3,2,13,4,0,16,10,12,11,3,19,0,14,0,1,3,5,26,3,5,15,12,17,2,15,0,0,0,26,38,39,48,50,30,21,30,12,7,25,12,9,25,30,20,14
1356868800,7,16,9,0,0,32,0,7,0,0,10,0,0,0,41,46,11,17,11,12,11,42,22,0,24,17,6,40,20,6,28,0,0,0,0,0,0,0,7,5,4,0,5,2,5,8,34,2,34,5,0,0,5,20,14,2,22,6,0,13,2,0,38,6,0,0,20,37,14,19,9,0,7,3,0,28,2,12,0,0,0,0,19,0,0,0,0,0,0,0,0,0,35,0,0,25,0,12,0,3,13,9,0,25,11,27,7,7,6,3,0,0,0,21,9,0,0,0,0,0,0,42,0,0,0,0,0,0,0,0,0,0,0,0,0,4,5,1,1,2,4,2,1,8,0,1,0,4,2,20,7,12,28,16,11,13,5,0,4,6,10,0,0,23,0,45,33,0,20,5,0,0,0,0,3,13,17,12,3,4,1,2,2,6,4,0,3,0,2,5,5,2,9,1,18,0,0,0,19,15,9,9,5,18,18,18,30,10,9,31,5,5,2,0,10,7,7,0,5,8,7,19,39,9,4,13,0,10,10,0,40,9,7,5,0,39,6,6,0,0,0,0,0,0,0,0,0,0,0,0,0,0,0,0,0,12,35,0
1356868800,25,22,0,0,0,0,0,0,0,0,0,0,0,0,0,0,0,0,0,0,0,0,0,0,0,31,0,45,0,28,32,0,0,45,0,0,0,0,0,0,0,0,0,0,0,0,0,0,0,0,0,0,0,0,0,0,0,0,0,0,0,0,0,0,0,0,0,0,0,0,0,0,0,37,0,0,0,0,41,0,0,0,0,0,0,0,0,0,0,0,0,0,0,0,0,0,0,0,0,0,0,0,0,0,0,0,0,0,0,0,0,0,0,0,0,0,0,0,29,15,22,0,16,0,0,0,11,11,26,0,0,0,0,0,0,0,0,0,0,0,0,0,0,0,0,0,0,0,0,0,0,0,0,0,0,0,0,0,0,0,0,0,0,0,0,0,0,0,0,0,0,0,0,0,0,0,28,0,0,36,0,0,0,0,0,0,0,23,0,0,0,0,0,0,0,0,0,0,0,0,0,0,0,46,0,0,0,0,0,32,0,44,0,45,0,33,0,0,43,0,0,0,0,0,0,33,0,40,49,0,0,0,0,0,32,35,0,42,0,0,0,0,0,0,0,0,5,3,21,0,35,36,0,11,15,15,18,25
1356868800,49,0,0,0,0,0,0,0,0,0,0,0,0,0,0,0,0,0,0,0,0,0,0,0,0,37,0,0,0,0,21,0,0,32,22,0,0,0,0,0,0,0,0,0,0,0,0,0,0,0,0,0,0,0,0,0,0,0,0,0,0,0,0,0,0,0,0,0,0,0,0,0,49,0,0,0,0,0,0,0,0,0,0,0,0,0,0,0,0,0,0,0,0,0,0,0,0,0,0,0,0,0,0,0,0,14,27,0,0,0,0,0,0,0,0,0,0,0,0,0,0,0,0,0,0,0,0,0,0,0,0,0,0,0,0,0,0,0,0,0,0,0,0,0,0,0,0,0,0,0,0,0,0,0,0,0,0,0,0,0,0,0,0,0,0,0,0,0,0,0,0,0,0,0,0,0,0,0,0,50,0,0,0,0,0,0,0,0,0,0,0,0,0,0,0,0,0,0,38,0,0,40,31,45,20,0,0,0,0,33,37,40,34,0,0,46,10,0,0,0,9,0,0,16,17,23,0,0,13,0,0,0,0,0,41,14,39,28,0,0,0,0,0,0,0,0,0,0,1,1,8,0,25,32,26,0,29,31
1356868800,0,0,0,0,0,0,0,0,49,0,0,0,0,0,0,0,0,0,0,0,0,0,0,47,0,0,0,0,0,0,0,0,0,21,0,0,0,0,0,0,0,0,0,12,34,16,7,0,21,16,12,37,12,9,0,47,0,23,0,9,25,0,0,0,0,0,0,0,0,21,0,0,46,43,0,25,0,21,0,0,0,0,0,0,0,0,0,0,0,0,0,0,0,0,0,39,0,49,0,0,0,0,0,18,0,0,36,0,13,14,0,0,0,0,0,0,0,0,0,0,0,0,0,0,0,0,0,0,0,32,0,9,0,21,27,0,33,14,11,27,5,5,4,10,0,4,0,15,11,14,21,27,27,0,17,8,24,0,7,0,0,0,0,11,0,0,0,0,0,22,0,0,0,0,16,12,0,38,40,0,38,0,0,31,32,0,26,0,0,44,21,22,0,29,0,0,9,14,28,0,35,28,21,27,0,41,38,0,20,34,0,32,15,29,0,0,33,0,0,0,0,24,17,0,0,40,0,0,0,15,0,24,23,11,15,0,12,24,5,11,8,38,46,0,0,0,45,0,46,0,36,0,0,0,0,0,0,0
1356868800,0,0,0,0,0,0,0,0,0,0,0,0,0,0,0,0,0,0,0,0,0,0,0,0,0,0,0,0,0,0,0,0,0,0,0,0,0,0,0,0,0,0,0,0,0,0,0,0,0,0,0,0,0,0,0,0,0,0,0,0,0,0,0,0,0,0,0,0,0,0,0,0,0,0,0,0,0,0,0,0,0,0,0,0,0,0,0,0,0,0,0,0,0,0,0,0,0,0,0,0,0,0,0,0,0,0,0,0,0,0,0,0,0,0,0,0,0,0,0,0,0,0,0,0,0,0,0,0,0,0,0,0,0,0,0,0,0,0,0,0,0,0,0,0,0,0,0,0,0,0,0,0,0,0,0,0,0,0,30,0,0,0,0,0,0,0,0,0,0,0,0,0,0,0,0,0,0,0,0,0,0,0,0,0,0,0,0,0,0,0,0,0,0,0,32,0,23,0,0,0,26,0,0,0,48,0,0,0,0,35,47,0,0,0,0,0,35,0,0,44,0,0,47,0,0,0,0,0,0,40,36,0,0,0,0,25,0,0,0,0,0,0,0,0,0,0,0,0,0,0,0,0,0,0,0,0,0,0
1356868800,0,0,0,0,33,30,0,0,0,28,6,0,0,0,0,0,0,0,0,0,0,0,0,0,0,29,27,8,0,0,26,16,0,0,0,0,0,0,0,0,0,0,0,0,35,0,49,0,9,35,0,9,41,23,42,0,0,9,27,8,26,0,0,0,0,0,17,28,0,0,21,0,11,0,0,32,14,11,3,0,0,0,9,0,0,0,0,0,0,0,0,0,0,0,0,0,0,0,0,0,0,0,0,0,4,0,0,0,27,44,0,0,0,0,0,0,0,0,2,0,3,0,7,0,0,4,13,0,4,0,0,0,0,0,0,8,0,13,0,0,39,16,46,42,0,0,0,0,42,0,0,0,0,0,0,0,0,0,0,23,0,0,0,0,0,0,0,0,0,0,0,0,0,0,11,6,46,4,29,23,27,15,13,30,23,4,16,0,35,23,9,0,0,0,0,0,36,0,0,0,45,0,40,22,0,0,0,0,0,36,20,35,0,0,0,43,0,0,0,0,0,13,0,0,0,0,0,0,0,0,0,0,0,0,25,47,0,0,0,0,0,0,0,0,0,0,0,0,0,0,0,0,0,0,40,21,30,29
1356868800,0,0,47,0,0,49,0,0,0,0,0,0,0,0,0,0,0,0,0,0,0,0,0,0,0,20,0,30,0,29,40,31,0,0,47,0,0,0,0,0,0,0,0,0,37,0,0,0,0,0,0,0,0,0,0,0,0,26,0,39,42,0,0,0,0,0,0,0,0,0,0,0,32,0,0,0,0,0,0,0,0,0,0,0,0,0,0,0,0,0,0,0,0,0,0,0,0,0,0,0,0,0,0,0,0,0,0,0,0,49,0,0,0,0,0,0,0,0,0,0,18,0,1,0,0,0,0,0,32,0,0,0,0,0,0,0,0,0,0,0,0,0,0,0,0,0,0,0,0,0,0,0,0,0,0,0,44,0,0,31,0,0,0,0,0,0,0,0,0,0,0,0,0,0,0,0,0,0,0,0,0,0,0,0,0,0,0,0,0,48,0,0,28,0,11,0,0,0,0,0,47,0,0,34,0,38,0,0,0,37,0,38,0,0,35,0,0,0,0,15,39,0,0,0,0,27,0,46,43,34,0,0,0,0,28,40,0,39,0,0,0,0,0,2,8,16,15,31,35,26,26,0,0,33,24,8,27,23
1356868800,0,43,0,6,0,0,0,0,0,0,22,0,0,0,0,0,0,0,0,0,0,0,0,0,0,0,0,0,0,0,0,0,0,0,0,0,0,0,0,0,0,0,0,0,0,0,0,0,0,0,8,22,34,12,0,0,0,0,0,22,0,0,0,0,0,0,0,29,0,0,0,0,0,0,1,0,0,0,0,0,0,0,0,0,0,0,0,0,0,0,0,0,0,0,0,0,0,0,0,0,0,0,0,0,37,0,0,0,0,0,0,0,0,0,0,0,0,0,0,0,0,22,0,0,0,39,44,0,0,0,0,0,0,0,0,0,0,0,0,0,40,0,44,0,0,0,0,0,0,0,0,0,0,0,0,0,0,0,0,21,23,0,0,0,0,0,0,0,0,0,0,0,0,0,32,0,0,0,0,37,0,0,30,0,0,0,45,0,42,0,0,0,0,0,0,0,0,0,0,0,0,0,0,44,0,0,0,0,0,38,0,0,0,0,0,0,0,0,0,0,26,39,0,0,0,0,0,0,0,0,0,0,0,0,0,0,0,0,0,0,0,0,0,0,0,0,0,0,0,0,0,0,0,0,0,27,0,0
1356868800,41,28,0,0,0,0,0,0,0,0,0,0,0,0,0,0,0,0,0,0,0,0,0,0,0,47,0,0,0,44,23,0,0,34,0,0,0,0,0,0,0,0,0,0,0,0,0,0,0,0,0,0,0,0,0,0,0,0,0,0,0,0,0,0,0,0,0,0,0,0,0,0,0,0,0,0,0,0,0,0,0,0,0,0,0,0,0,0,0,0,0,0,0,0,0,38,0,0,0,0,0,0,0,0,0,0,0,0,0,0,0,0,0,0,0,0,0,0,0,0,26,0,0,0,0,0,40,7,43,0,0,0,0,0,0,0,0,0,0,0,0,0,0,0,0,0,0,0,0,0,0,0,0,0,0,0,0,0,0,0,0,0,0,0,0,0,0,0,0,0,0,0,0,0,0,0,0,0,0,0,0,0,0,0,0,0,0,0,0,0,0,0,0,0,47,0,0,0,0,0,0,0,0,0,0,0,0,0,0,39,0,0,0,0,0,0,0,0,0,0,0,0,0,0,0,0,0,0,0,0,0,0,0,0,49,0,0,0,0,0,0,0,0,0,0,0,17,11,0,0,0,0,0,43,29,31,26,0
1356868800,0,0,0,0,0,0,0,0,0,0,0,0,0,0,0,0,0,0,0,0,0,0,0,0,0,0,0,0,0,0,0,50,0,0,0,0,0,0,0,0,0,0,0,0,0,0,0,0,0,0,0,0,0,0,0,0,0,0,0,0,0,0,0,0,0,0,0,0,0,0,0,0,0,0,0,0,0,0,0,0,0,0,0,0,0,0,0,0,0,0,0,0,0,0,0,0,0,0,0,0,0,0,0,0,0,0,0,0,0,0,0,0,0,0,0,0,0,0,0,0,0,0,0,0,0,0,0,0,0,0,0,0,0,0,0,0,0,0,0,0,0,0,0,0,0,0,0,0,0,0,0,0,0,0,0,0,0,0,0,0,0,0,0,0,0,0,0,0,0,0,0,0,0,0,0,0,0,0,0,0,0,0,0,0,0,0,0,0,0,0,0,0,0,0,0,33,33,0,0,0,20,0,0,0,0,0,0,0,0,40,36,0,0,0,0,0,47,0,45,28,0,0,24,0,0,0,0,0,0,0,0,0,0,0,0,27,0,0,0,0,0,0,0,0,0,0,0,0,0,0,0,0,0,0,0,0,0,0
1356868800,0,0,0,0,0,0,0,0,0,0,0,0,0,0,0,0,0,0,0,0,0,0,0,0,0,0,0,0,0,0,0,0,0,0,0,0,0,0,0,0,0,0,0,0,0,0,0,0,0,0,0,0,0,0,0,0,0,0,0,0,0,0,0,0,0,0,0,0,0,0,0,0,0,0,0,0,50,0,20,0,0,0,0,0,0,0,0,0,0,0,0,0,0,0,0,0,0,0,0,0,0,0,0,0,0,0,0,0,0,0,0,0,0,0,0,0,0,0,0,0,37,0,0,0,0,0,25,0,28,0,0,0,0,0,0,0,0,0,0,0,0,0,0,0,0,0,0,0,0,0,0,0,0,0,0,0,0,0,0,0,43,0,0,0,0,0,0,0,0,0,0,0,0,0,0,0,0,0,0,0,0,0,0,0,0,0,0,0,0,0,0,0,0,0,0,0,0,0,0,0,0,0,0,0,0,0,0,0,0,41,0,0,0,0,0,0,0,0,0,0,0,0,0,0,0,0,0,0,0,0,0,0,0,0,0,0,0,0,0,0,0,0,0,0,0,0,24,15,0,0,0,0,0,0,38,44,41,0
1356868800,0,0,0,0,0,0,0,0,0,0,0,0,0,0,0,0,0,0,0,0,0,0,0,0,0,0,0,0,0,0,0,0,0,0,0,0,0,0,0,0,0,0,0,0,0,0,0,0,0,0,0,0,0,0,0,0,0,0,0,0,0,0,0,0,0,0,0,0,0,0,0,0,38,0,0,0,0,0,0,0,0,0,0,0,0,0,0,0,0,0,0,0,0,0,0,0,0,0,0,0,0,0,0,0,0,0,0,0,0,0,0,0,0,0,0,0,0,0,0,0,0,0,0,0,0,0,0,0,0,0,0,0,0,0,0,0,0,0,0,0,0,0,0,0,0,0,0,0,0,0,0,0,0,0,0,0,0,0,0,0,0,0,0,0,0,0,0,0,0,0,0,0,0,0,0,0,0,0,0,0,0,0,0,0,0,0,0,0,0,0,0,0,0,0,0,0,0,0,0,0,0,0,0,0,0,0,0,0,0,42,0,0,0,0,0,0,0,0,0,0,0,0,0,0,0,0,0,0,0,0,0,0,0,0,0,0,0,0,0,0,0,0,0,0,0,0,0,0,0,0,0,0,0,0,0,0,0,0
1356868800,19,15,5,1,43,3,0,14,14,6,5,0,0,0,2,2,1,1,1,1,1,1,1,1,1,16,0,15,47,0,0,24,39,13,3,4,0,0,3,3,1,0,1,3,1,1,9,4,1,3,22,7,2,6,7,12,9,18,33,5,10,0,3,1,1,0,1,3,3,12,1,0,4,5,0,0,1,5,0,0,0,0,1,0,0,0,0,0,0,0,0,0,0,0,0,0,0,4,0,0,4,37,0,2,2,19,2,2,2,1,6,0,0,2,3,0,0,0,38,0,0,28,12,45,0,26,0,0,20,13,0,22,0,0,22,35,1,0,2,1,1,1,2,1,3,2,0,1,1,8,13,2,3,8,2,7,1,0,22,3,4,0,0,3,0,26,2,1,1,1,0,1,0,0,2,46,3,16,7,13,2,13,7,3,19,0,2,0,3,3,7,5,22,16,15,48,0,39,9,10,12,23,4,31,34,9,0,0,4,43,8,4,5,19,22,10,13,0,12,26,10,0,0,17,48,10,0,0,33,0,15,21,0,0,22,0,40,11,0,0,0,0,0,0,0,0,0,0,0,0,44,43,14,17,47,45,34,49
1356868800,0,0,0,0,0,0,0,0,0,0,0,0,0,0,0,0,0,0,0,0,0,0,0,0,0,0,0,0,0,0,0,0,0,0,0,0,0,0,0,0,0,0,0,0,0,0,0,0,0,0,0,0,0,0,0,0,0,0,0,0,0,0,0,0,0,0,0,0,0,0,0,0,0,0,0,0,0,0,0,0,0,0,0,0,0,0,0,0,0,0,0,0,0,0,0,0,0,0,0,0,0,0,0,0,0,0,0,0,0,0,0,0,0,0,0,0,0,0,0,0,0,0,0,0,0,0,0,0,0,0,0,0,0,0,0,0,0,0,0,0,0,0,0,0,0,0,0,0,0,0,0,0,0,0,0,0,0,0,0,0,0,0,0,0,0,0,0,0,0,0,0,0,0,0,0,0,0,0,0,0,0,0,0,0,0,0,0,0,0,0,0,0,0,19,0,0,0,0,0,0,0,0,0,0,0,0,0,0,0,44,0,0,0,0,0,0,0,0,0,0,0,0,0,0,0,0,0,0,0,0,0,0,0,0,0,0,0,0,0,0,0,0,0,47,42,0,0,0,0,0,42,0,0,0,0,0,0,0
1356868800,0,49,0,0,0,0,0,0,0,0,0,0,0,0,0,0,0,0,0,0,0,0,0,0,0,0,0,0,0,0,0,0,0,0,0,0,0,0,0,0,0,0,0,0,0,0,0,0,0,0,0,0,0,0,0,0,0,0,0,0,0,0,0,0,0,0,0,0,0,0,0,0,0,0,0,39,0,0,40,0,0,0,0,0,0,0,0,0,0,0,0,0,0,0,0,0,0,0,0,0,0,0,0,0,0,0,0,0,0,0,0,0,0,0,0,0,0,0,30,0,20,0,0,0,0,0,34,0,0,0,0,0,0,0,0,0,0,0,0,0,0,0,0,0,0,0,0,0,0,0,0,0,0,0,0,0,0,0,0,0,0,0,0,0,0,0,0,0,0,0,0,0,0,0,0,0,0,0,0,0,0,0,0,0,0,0,0,0,0,0,0,0,0,0,0,0,0,0,0,0,0,0,0,0,0,0,0,0,0,45,0,0,0,0,0,0,0,0,0,0,0,0,0,0,0,0,0,50,0,0,0,0,0,0,0,0,0,0,0,0,0,0,0,0,0,0,23,10,0,0,0,37,0,0,27,42,24,0
1356868800,0,0,0,0,0,0,0,0,0,0,0,0,0,0,0,0,0,0,0,0,0,0,0,0,0,0,0,41,0,40,0,0,0,0,0,0,0,0,0,0,0,0,0,0,0,0,0,0,0,0,0,0,0,0,0,0,0,0,0,0,0,0,0,0,0,0,0,0,0,0,0,0,0,0,0,0,0,0,0,0,0,0,0,0,0,0,0,0,0,0,0,0,0,0,0,0,0,0,0,0,0,0,0,0,0,0,0,0,0,0,0,0,0,0,0,0,0,0,0,0,0,0,0,0,0,0,0,0,0,0,0,0,0,0,0,0,0,0,0,0,0,0,0,0,0,0,0,0,0,0,0,0,0,0,0,0,0,0,0,0,0,0,0,0,0,0,0,0,0,0,0,0,0,0,0,0,0,0,0,0,0,0,0,0,0,0,0,0,0,0,0,0,0,0,42,38,0,0,0,0,0,0,0,0,0,0,0,0,49,46,0,0,0,0,0,0,0,0,0,0,0,0,0,0,0,0,0,0,0,0,0,0,0,0,0,0,0,0,19,37,0,0,0,0,0,0,0,0,0,0,0,0,0,0,0,0,0,0
1356868800,0,0,0,0,0,0,0,0,0,0,0,0,0,0,0,0,0,0,0,0,0,0,0,0,0,0,0,0,0,0,0,0,0,0,0,0,0,0,0,0,0,0,0,0,0,0,0,0,0,0,0,0,0,0,0,0,0,0,0,0,0,0,0,0,0,0,0,0,0,0,0,0,0,0,0,0,0,0,0,0,0,0,0,0,0,0,0,0,0,0,0,0,0,0,0,0,0,0,0,0,0,0,0,0,0,0,0,0,0,0,0,0,0,0,0,0,0,0,0,0,0,0,0,0,0,0,0,0,0,0,0,0,0,0,0,0,0,0,0,0,0,0,0,0,0,0,0,0,0,0,0,0,0,0,0,0,0,0,0,0,0,0,0,0,0,0,0,0,0,0,0,0,0,0,0,0,0,0,0,0,0,0,0,0,0,0,0,0,0,0,0,0,0,0,0,0,0,32,0,0,0,0,0,0,0,0,0,0,0,47,0,0,0,0,0,0,0,0,35,0,0,0,0,0,0,0,0,0,0,0,0,0,0,0,0,0,0,0,0,0,0,0,0,0,0,0,0,0,0,0,0,0,0,0,0,0,0,0
1356868800,0,0,0,31,10,19,43,9,35,0,17,0,0,0,0,0,0,0,0,0,0,0,0,0,0,0,0,16,0,0,0,0,0,0,39,0,0,0,0,0,0,0,48,0,47,34,6,5,0,50,0,25,0,0,27,0,29,41,0,24,0,0,16,0,13,0,15,12,46,2,20,0,22,31,0,0,15,36,19,28,0,0,0,0,0,0,0,0,0,0,0,0,0,0,0,0,0,0,0,29,0,0,0,0,0,0,43,22,0,0,14,0,0,17,42,0,0,0,7,0,24,0,0,7,0,0,0,0,36,27,29,33,0,0,39,0,0,0,34,0,31,0,16,35,0,0,0,0,34,0,0,0,0,0,0,46,0,0,0,19,50,0,0,21,0,0,0,10,0,31,0,0,0,0,0,0,0,41,0,0,0,0,0,0,0,0,0,0,44,0,27,14,8,0,0,0,30,0,0,41,31,36,49,43,0,0,0,7,30,48,34,0,0,17,0,0,0,0,0,0,0,0,0,25,0,0,0,0,0,0,0,0,0,0,38,12,0,46,25,26,12,0,14,36,0,0,0,24,0,21,17,50,30,0,0,33,0,47
1356868800,0,0,0,19,22,22,28,0,0,3,1,10,0,0,0,0,0,0,0,0,0,0,0,0,0,14,15,4,0,0,7,32,0,15,24,0,0,0,0,0,0,0,0,0,0,0,0,0,16,22,0,10,37,18,11,32,15,8,8,10,41,0,0,0,0,0,28,26,0,0,24,0,16,38,0,12,20,20,9,0,0,0,5,0,0,0,0,0,0,0,0,0,0,0,0,0,0,0,0,0,0,0,29,0,6,0,0,0,0,0,0,0,0,0,0,0,0,0,8,0,17,0,44,0,0,2,7,27,8,0,0,0,0,0,0,7,0,0,0,0,27,18,42,34,0,28,0,45,0,0,0,0,0,0,0,0,0,0,0,41,0,0,0,0,0,0,0,0,0,0,0,0,0,0,14,9,42,5,33,11,31,17,8,0,11,3,24,3,46,37,13,0,0,0,0,0,34,0,0,0,0,31,0,25,0,30,0,0,0,49,30,39,0,0,0,0,0,0,0,0,0,30,0,0,0,0,0,0,0,0,0,0,0,0,37,28,0,0,0,0,0,0,0,0,0,0,0,0,0,0,0,0,0,0,0,41,45,0
1356868800,0,0,0,0,0,0,0,34,0,0,0,0,0,0,0,0,0,0,0,0,0,0,0,0,0,0,0,0,0,0,0,0,0,0,0,0,0,0,0,0,0,0,0,0,0,0,0,0,0,0,0,0,0,0,0,0,0,0,0,0,0,0,0,0,0,0,0,0,0,0,0,0,0,0,0,0,0,0,0,0,0,0,0,0,0,0,0,0,0,0,0,0,0,0,0,0,0,0,0,0,0,0,0,0,0,0,0,0,40,0,0,0,0,0,0,0,0,0,0,0,0,0,0,0,0,0,0,12,0,0,0,0,0,0,0,39,0,0,0,0,0,0,0,0,45,0,0,0,0,0,0,0,0,0,0,50,0,0,0,0,0,0,0,40,0,0,0,0,0,0,0,0,0,0,0,0,0,0,0,0,0,0,0,0,0,9,0,0,0,0,0,0,17,0,0,0,42,0,0,0,0,0,0,0,0,0,0,0,0,50,39,0,0,0,27,0,41,0,0,36,0,0,0,0,0,0,0,0,0,50,0,31,0,0,0,33,0,0,42,0,0,0,0,0,0,0,0,0,0,0,0,0,45,0,0,0,0,0
