1356868800,19,15,5,1,43,3,0,14,14,6,5,0,0,0,2,2,1,1,1,1,1,1,1,1,1,16,0,15,47,0,0,24,39,13,3,4,0,0,3,3,1,0,1,3,1,1,9,4,1,3,22,7,2,6,7,12,9,18,33,5,10,0,3,1,1,0,1,3,3,12,1,0,4,5,0,0,1,5,0,0,0,0,1,0,0,0,0,0,0,0,0,0,0,0,0,0,0,4,0,0,4,37,0,2,2,19,2,2,2,1,6,0,0,2,3,0,0,0,38,0,0,28,12,45,0,26,0,0,20,13,0,22,0,0,22,35,1,0,2,1,1,1,2,1,3,2,0,1,1,8,13,2,3,8,2,7,1,0,22,3,4,0,0,3,0,26,2,1,1,1,0,1,0,0,2,46,3,16,7,13,2,13,7,3,19,0,2,0,3,3,7,5,22,16,15,48,0,39,9,10,12,23,4,31,34,9,0,0,4,43,8,4,5,19,22,10,13,0,12,26,10,0,0,17,48,10,0,0,33,0,15,21,0,0,22,0,40,11,0,0,0,0,0,0,0,0,0,25,17,4,2,1,1,1,1,1,1,1
1356868800,0,0,0,20,1,12,29,0,0,0,0,0,0,0,0,0,0,0,0,0,0,0,0,0,0,0,0,0,0,0,0,0,0,0,0,0,0,0,0,0,0,0,0,0,0,0,0,0,0,0,0,0,0,0,0,0,0,0,0,0,0,0,25,0,7,0,6,21,4,0,2,0,0,0,0,0,0,0,0,0,0,0,0,0,0,0,0,0,0,0,0,0,0,0,0,0,0,0,0,0,0,0,0,0,0,0,0,0,0,0,0,0,0,0,0,0,0,0,0,0,0,0,0,0,0,0,0,0,0,0,0,0,0,0,0,0,0,0,0,0,0,0,0,0,0,0,0,0,0,0,0,0,0,0,0,0,0,0,0,0,0,0,0,0,0,0,0,0,0,0,0,0,0,0,0,0,0,0,0,0,0,0,0,0,0,0,0,0,0,0,0,0,0,0,0,0,0,0,0,0,0,0,0,0,0,0,0,0,0,0,0,0,0,0,0,0,0,0,0,0,0,0,0,0,0,0,0,0,0,0,0,0,0,0,0,0,0,0,16,13,35,0,0,45,0,0,49,0,40,30,17,23,22,16,5,13,10,4
1356868800,1,1,1,0,2,5,7,27,0,8,14,6,0,0,0,0,0,0,0,0,0,0,0,0,0,6,2,7,4,3,6,3,8,3,2,0,0,0,0,0,9,0,16,5,40,22,0,15,0,44,0,0,10,0,19,0,5,44,0,46,0,0,8,0,3,0,8,4,1,4,3,0,3,4,0,2,9,2,0,0,0,0,0,0,0,0,0,0,0,0,0,0,0,0,0,0,0,9,0,0,0,0,0,13,25,1,1,1,21,19,0,0,0,0,36,0,0,0,0,0,10,0,0,0,0,0,0,0,50,0,0,0,0,0,0,19,16,0,12,13,13,10,8,2,0,6,0,23,8,17,24,8,13,0,14,3,12,1,14,9,2,0,0,7,0,0,0,0,0,46,0,0,0,0,15,5,6,14,2,10,6,10,23,4,16,8,14,0,7,9,34,12,2,3,2,40,5,5,8,2,2,4,2,5,16,12,7,12,3,10,2,6,7,2,6,9,3,0,6,6,8,5,4,4,0,4,0,12,15,2,2,4,4,0,10,4,9,8,3,3,4,8,12,15,29,34,13,14,21,19,13,9,3,8,4,4,4,8
1356868800,28,36,14,0,0,31,21,10,0,4,15,14,0,0,0,14,19,37,28,34,23,0,0,26,23,11,0,27,32,26,10,35,0,50,38,11,0,0,4,25,3,0,3,10,3,25,26,10,18,6,10,31,3,8,8,35,44,12,0,7,36,0,17,0,15,0,5,8,8,27,4,0,13,22,10,8,6,25,29,40,0,0,0,0,25,34,0,3,0,41,14,0,39,0,34,0,0,18,0,0,0,18,2,0,27,31,20,41,16,21,0,0,0,0,0,0,0,0,0,0,0,0,0,0,0,0,0,0,0,0,0,0,0,0,0,46,17,0,8,12,6,4,3,0,0,3,0,12,3,0,0,29,0,0,20,44,0,0,15,12,0,0,0,5,0,14,0,0,0,40,0,0,0,0,4,3,8,8,4,7,8,1,6,27,6,19,6,32,4,2,1,13,0,9,36,0,11,0,41,19,28,12,17,11,0,22,22,13,14,22,26,12,14,5,0,18,14,0,0,25,28,7,15,18,0,15,0,13,0,27,12,35,10,21,26,49,4,20,4,4,3,11,19,16,30,37,18,19,35,16,26,7,6,14,26,40,11,11
1356868800,6,5,16,9,3,2,0,5,32,32,2,8,0,0,0,0,0,0,0,45,0,0,0,0,0,13,41,10,0,33,34,19,0,12,0,0,0,0,0,0,0,0,49,26,15,15,50,0,0,0,27,0,21,48,35,17,3,0,0,14,32,0,2,0,2,0,7,1,2,1,5,0,12,6,0,24,8,43,33,10,0,0,28,0,0,0,0,0,0,0,0,0,0,0,0,0,0,0,0,0,1,5,45,19,8,37,25,23,0,25,15,0,20,7,6,0,0,0,9,20,16,4,35,39,0,0,0,1,5,21,11,0,0,0,21,3,31,30,9,3,3,22,9,16,0,26,0,2,5,0,0,32,24,0,5,0,0,24,0,1,1,0,0,8,0,0,0,27,29,11,0,0,0,0,7,14,0,17,19,6,21,6,11,22,5,0,12,0,17,20,19,32,4,0,0,0,48,0,0,11,46,48,13,14,0,27,0,36,48,19,32,25,31,43,0,16,25,0,49,43,0,0,0,42,0,42,0,0,0,0,0,0,0,0,23,36,29,0,34,9,19,1,1,1,4,8,1,1,1,1,1,3,2,2,2,3,2,12
1356868800,0,0,0,21,0,0,0,0,0,0,0,0,0,0,0,0,0,0,0,0,0,0,0,0,0,0,0,0,0,0,0,0,0,0,0,0,0,0,0,0,0,0,0,0,0,0,0,0,0,0,0,0,0,0,0,0,0,0,0,0,0,0,5,0,5,0,9,35,7,14,6,0,0,0,0,0,0,0,0,0,0,0,0,0,0,0,0,0,0,0,0,0,0,0,0,0,0,0,0,0,0,0,0,0,0,0,0,0,0,0,0,0,0,0,0,0,0,0,0,0,0,0,0,0,0,0,0,0,0,0,0,0,0,0,0,0,0,0,0,0,0,0,0,0,0,0,0,0,0,0,0,0,0,0,0,0,0,0,0,0,21,0,0,0,0,0,0,0,0,0,0,0,0,0,0,0,0,0,0,0,0,0,0,0,0,0,0,0,0,0,0,0,0,0,0,0,0,0,0,0,0,0,0,0,0,0,0,0,0,0,0,0,0,0,0,0,0,0,0,0,0,0,0,0,0,0,0,0,0,0,0,0,0,0,0,0,0,0,0,0,0,0,0,50,49,41,16,6,16,3,3,2,11,15,13,8,8,5
1356868800,0,0,0,2,4,41,47,43,0,0,0,0,0,0,0,0,0,0,0,0,0,0,0,0,0,0,0,0,0,0,0,0,0,0,0,0,0,0,0,0,0,0,0,0,0,0,0,0,0,0,0,0,0,0,0,0,0,0,0,0,0,0,18,0,6,0,12,24,5,0,7,0,0,0,0,0,0,0,0,0,0,0,0,0,0,0,0,0,0,0,0,0,0,0,0,0,0,0,0,0,0,0,0,0,0,0,0,0,0,0,0,0,0,0,0,0,0,0,0,0,0,0,0,0,0,0,0,0,0,0,0,0,0,0,0,0,0,0,0,0,0,0,0,0,0,0,0,0,0,0,0,0,0,0,0,0,0,0,0,0,0,0,0,0,0,0,0,0,0,0,0,0,0,0,0,0,0,0,0,0,0,0,0,0,0,0,0,0,0,0,0,0,0,0,0,0,0,0,0,0,0,0,0,0,0,0,0,0,0,0,0,0,0,0,0,0,0,0,0,0,0,0,0,0,0,0,0,0,0,0,0,0,0,0,0,0,0,0,2,2,5,15,14,23,36,38,29,40,19,13,22,34,21,35,22,6,26,10
1356868800,0,0,0,28,21,0,0,40,0,0,0,0,0,0,0,0,0,0,0,0,0,0,0,0,0,0,0,0,0,0,0,0,0,0,0,0,0,0,0,0,0,0,0,0,0,0,0,0,0,0,0,0,0,0,0,0,0,0,0,0,0,0,22,0,11,0,16,45,13,0,8,0,0,0,0,0,0,0,0,0,0,0,0,0,0,0,0,0,0,0,0,0,0,0,0,0,0,0,0,0,0,0,0,0,0,0,0,0,0,0,0,0,0,0,0,0,0,0,0,0,0,0,0,0,0,0,0,0,0,0,0,0,0,0,0,0,0,0,0,0,0,0,0,0,0,0,0,0,0,0,0,0,0,0,0,0,0,0,0,0,0,0,0,0,0,0,0,0,0,0,0,0,0,0,0,0,0,0,0,0,0,0,0,0,0,0,0,0,0,0,0,0,0,0,0,0,0,0,0,0,0,0,0,0,0,0,0,0,0,0,0,0,0,0,0,0,0,0,0,0,0,0,0,0,0,0,0,0,0,0,0,0,0,0,0,0,0,0,1,1,1,4,13,13,31,26,11,20,18,9,6,12,10,25,10,10,13,7
1356868800,7,16,9,0,0,32,0,7,0,0,10,0,0,0,41,46,11,17,11,12,11,42,22,0,24,17,6,40,20,6,28,0,0,0,0,0,0,0,7,5,4,0,5,2,5,8,34,2,34,5,0,0,5,20,14,2,22,6,0,13,2,0,38,6,0,0,20,37,14,19,9,0,7,3,0,28,2,12,0,0,0,0,19,0,0,0,0,0,0,0,0,0,35,0,0,25,0,12,0,3,13,9,0,25,11,27,7,7,6,3,0,0,0,21,9,0,0,0,0,0,0,42,0,0,0,0,0,0,0,0,0,0,0,0,0,4,5,1,1,2,4,2,1,8,0,1,0,4,2,20,7,12,28,16,11,13,5,0,4,6,10,0,0,23,0,45,33,0,20,5,0,0,0,0,3,13,17,12,3,4,1,2,2,6,4,0,3,0,2,5,5,2,9,1,18,0,0,0,19,15,9,9,5,18,18,18,30,10,9,31,5,5,2,0,10,7,7,0,5,8,7,19,39,9,4,13,0,10,10,0,40,9,7,5,0,39,6,6,0,0,0,0,0,0,0,0,0,0,0,0,0,0,0,27,6,2,9,6
1356868800,39,38,17,17,24,50,0,0,0,0,16,0,0,0,0,0,0,0,0,0,0,0,0,0,0,0,0,0,0,0,0,0,0,0,0,0,0,0,0,0,0,0,28,0,20,4,0,0,0,49,0,0,0,29,0,0,0,0,0,0,0,0,0,39,10,0,22,0,16,0,10,0,23,17,0,0,0,0,0,0,0,0,0,0,0,0,0,0,0,0,0,0,0,0,0,0,0,0,0,0,0,0,0,0,24,6,4,9,4,6,0,0,0,0,0,0,0,0,0,0,0,0,0,0,0,0,0,0,0,0,0,0,0,0,0,0,21,0,6,0,26,13,12,0,0,45,0,30,13,1,1,1,1,6,4,2,35,0,0,0,7,0,0,0,0,0,14,0,0,0,0,0,0,0,25,25,14,32,26,41,9,27,0,9,34,39,11,0,8,7,15,17,0,37,0,0,0,0,0,25,0,42,42,0,0,0,16,0,22,0,0,29,16,0,33,0,0,0,48,0,0,0,0,0,0,0,0,0,0,0,0,15,0,0,0,0,49,0,0,0,0,0,0,0,0,0,0,0,0,0,0,0,0,0,0,25,23,9
1356868800,18,33,22,5,11,1,22,4,0,0,25,0,0,0,0,0,0,0,0,0,0,0,0,0,0,15,7,19,3,2,0,4,20,7,9,0,0,0,0,0,0,0,0,38,0,43,0,0,0,0,0,0,49,0,0,0,0,0,25,0,0,0,1,0,4,0,3,10,6,3,11,0,15,23,0,1,38,10,0,0,0,0,0,0,0,0,0,0,0,0,0,0,0,0,0,0,0,0,0,0,0,13,0,0,29,10,11,5,19,4,0,0,34,0,28,0,0,0,0,0,6,0,0,0,0,0,0,0,0,0,0,0,0,0,0,0,12,0,23,4,19,8,15,18,0,12,0,0,45,11,6,10,16,30,15,4,0,0,0,18,13,0,0,9,0,0,0,0,0,0,0,0,0,0,22,7,4,11,6,24,11,5,17,2,3,0,18,0,5,6,18,7,35,0,17,25,20,4,16,6,18,10,8,13,45,24,21,14,32,25,10,17,32,22,9,26,5,0,8,4,5,8,0,14,0,7,0,7,12,7,20,6,8,45,36,37,21,19,0,0,0,0,0,12,1,1,2,2,4,7,4,6,9,11,12,12,7,24
1356868800,0,0,34,4,0,40,0,45,0,29,0,0,0,0,0,0,0,0,0,0,0,0,0,0,0,0,0,0,0,0,0,0,0,0,0,0,0,0,0,0,0,0,0,0,2,5,39,0,15,9,0,6,11,5,21,0,26,11,1,11,21,0,28,9,12,0,2,25,12,0,12,0,28,0,0,0,0,0,0,0,0,0,0,0,0,0,0,0,0,0,0,0,0,0,0,0,0,0,0,0,0,0,0,0,23,0,40,8,5,5,0,0,0,0,0,0,0,0,0,0,0,0,0,0,0,0,0,0,0,0,0,0,0,0,0,0,4,0,7,5,2,11,6,48,0,8,0,5,7,2,5,3,7,3,1,10,0,0,0,25,6,0,0,0,0,0,0,0,0,0,0,0,0,0,12,19,0,22,22,45,17,26,14,20,44,24,13,0,9,12,0,40,12,0,0,0,0,0,0,34,0,0,38,0,0,0,0,0,37,0,0,48,27,47,37,0,0,0,36,0,0,0,0,0,0,0,0,0,0,0,0,40,35,0,0,0,0,0,0,0,0,0,0,0,0,45,28,21,23,12,40,13,24,28,32,46,12,14
1356868800,0,29,12,0,0,15,0,0,0,0,0,0,0,0,0,0,0,0,0,0,0,0,0,0,0,32,0,0,14,25,43,18,0,16,13,0,0,0,20,11,12,0,6,25,0,33,21,0,42,0,0,0,0,24,0,29,0,0,2,0,0,0,20,40,0,0,21,0,36,0,13,0,26,0,0,0,32,35,0,0,0,0,0,0,0,0,0,0,0,0,0,0,0,0,37,4,0,0,0,0,0,3,0,0,50,32,33,16,26,30,0,0,0,0,0,0,0,0,0,0,0,0,0,0,0,0,0,0,0,0,0,0,0,0,0,0,0,23,33,0,43,0,36,0,0,0,0,0,50,25,34,30,31,0,43,24,36,0,11,45,0,21,0,0,0,41,0,0,0,38,0,0,0,0,0,26,2,29,16,40,47,40,0,47,0,0,23,0,22,0,37,6,6,0,6,5,4,11,20,5,7,14,3,9,23,25,36,3,10,11,4,8,4,4,3,12,8,0,9,2,4,15,8,24,0,6,0,3,37,16,3,2,11,0,8,8,8,10,0,0,0,0,0,0,0,0,0,0,0,0,0,0,0,46,34,27,24,0
1356868800,0,0,0,0,32,0,0,29,0,11,0,0,0,0,0,0,0,0,0,0,0,0,0,0,0,0,0,0,0,0,0,0,0,0,0,0,0,0,0,0,0,0,0,0,0,0,0,0,0,0,26,0,0,0,0,0,0,0,0,30,0,0,9,0,0,0,43,36,15,0,14,0,47,0,0,0,0,0,0,0,0,0,0,0,0,0,0,0,0,0,0,0,0,0,0,0,0,0,0,0,0,0,0,0,0,0,0,0,0,0,0,0,0,0,0,0,0,0,0,12,0,0,0,0,0,0,0,0,0,0,0,0,0,0,0,0,0,0,0,0,0,0,0,0,0,0,0,0,0,0,0,0,0,0,0,0,0,0,0,42,12,0,0,0,0,0,0,0,0,0,0,0,0,0,0,0,13,0,0,0,0,0,0,0,0,0,0,0,0,0,0,0,0,0,0,0,0,0,0,0,0,0,0,49,50,33,0,0,0,0,0,0,0,0,0,30,0,0,0,0,0,42,0,0,0,0,0,0,0,0,0,0,0,0,0,0,0,0,9,10,20,28,37,0,0,0,0,0,0,0,0,0,0,0,37,47,0,0
1356868800,12,10,18,0,0,9,0,0,0,0,8,27,0,0,0,0,0,0,0,0,0,0,0,0,0,0,0,17,0,0,29,29,0,42,0,0,0,0,0,0,0,0,0,29,0,0,0,42,0,0,0,0,0,0,0,0,13,0,0,44,33,0,11,0,8,0,27,2,20,6,15,0,45,24,0,48,12,7,16,18,0,0,0,0,0,0,0,0,0,0,0,0,0,0,0,0,0,33,0,15,7,7,4,29,19,0,35,0,0,0,31,0,35,11,11,0,0,0,24,41,33,0,11,0,0,0,46,13,2,0,0,0,0,0,0,16,22,44,19,16,12,0,17,0,0,0,0,7,9,0,0,0,0,0,39,0,10,0,21,2,5,0,0,0,0,0,0,28,0,0,0,0,0,0,20,0,0,43,0,14,15,11,19,0,36,0,28,0,43,50,39,0,0,0,0,0,0,0,0,0,0,0,50,0,0,0,0,0,50,0,0,0,0,0,0,0,0,0,0,0,0,0,0,0,0,0,0,0,0,0,0,0,0,0,0,0,0,0,0,0,0,2,2,2,9,16,3,3,2,2,5,8,8,3,3,30,18,0
1356868800,0,0,0,0,0,36,0,0,5,0,0,0,0,0,0,0,0,0,0,0,0,0,0,0,0,0,47,0,36,0,0,11,0,19,0,0,0,0,0,0,31,0,22,0,0,0,12,6,27,12,0,32,38,32,0,19,0,0,0,29,0,0,21,0,16,0,18,15,9,28,16,0,0,11,0,31,0,0,0,0,0,0,0,0,0,0,0,0,0,0,0,0,0,0,0,45,0,0,0,0,0,0,0,0,0,0,0,0,0,0,0,0,0,0,0,0,0,0,0,0,0,0,0,0,0,0,0,0,0,5,32,15,0,0,9,0,0,0,0,0,0,0,0,0,0,0,0,0,0,0,0,0,0,0,0,0,6,0,0,33,0,0,0,0,0,0,0,0,0,0,0,0,0,0,48,31,0,0,18,0,49,16,0,14,22,7,0,0,50,0,41,27,0,0,0,0,19,0,0,38,13,15,23,0,28,0,0,0,26,0,0,46,0,6,20,44,0,0,19,0,50,0,0,0,0,49,0,18,0,36,0,0,0,0,0,0,42,35,5,5,7,14,29,27,43,44,20,16,26,10,23,21,17,26,8,20,31,22
1356868800,0,17,0,39,17,11,0,0,0,18,4,19,0,0,0,0,0,0,0,0,0,0,0,0,0,30,5,6,0,0,45,34,0,23,0,0,0,0,0,0,0,0,0,0,0,0,1,0,13,2,1,1,8,2,2,4,8,2,23,1,3,0,47,0,28,0,13,18,0,0,17,0,9,48,0,9,21,4,1,0,0,0,7,0,0,0,0,0,0,0,0,0,0,0,0,0,0,48,0,0,0,0,0,0,3,0,0,0,46,0,0,0,0,0,0,0,0,0,1,0,4,41,27,0,0,1,1,0,1,0,0,0,0,0,0,2,0,20,42,23,10,7,11,9,0,24,0,6,28,0,0,0,0,0,0,0,0,0,0,35,9,0,0,0,0,0,0,0,45,0,0,0,0,0,6,2,0,2,9,5,10,9,3,13,14,2,10,2,20,13,2,0,37,0,30,0,0,0,0,0,38,0,43,26,0,19,0,0,0,21,21,42,0,0,0,0,0,0,0,9,0,6,0,0,0,0,0,0,0,49,0,32,0,0,16,31,0,49,0,0,0,0,0,0,0,0,0,0,0,0,0,0,0,42,21,17,14,29
1356868800,0,0,0,13,0,10,0,15,0,0,0,0,0,0,0,0,0,0,0,0,0,0,0,0,0,0,30,0,0,0,0,38,27,0,0,0,0,0,0,0,0,0,0,0,0,0,0,36,0,0,0,0,0,0,0,0,0,0,0,0,0,0,6,0,0,0,19,34,17,0,18,0,0,20,0,0,0,0,0,0,0,0,0,0,0,0,0,0,0,0,0,0,0,0,0,0,0,0,0,0,0,0,0,0,0,0,0,0,0,48,0,0,0,0,0,0,0,0,0,0,0,0,0,0,0,0,0,0,0,0,0,0,0,0,0,0,0,15,0,0,0,0,41,17,0,27,0,0,0,0,27,0,0,0,0,27,0,0,0,20,0,0,0,0,0,0,0,0,0,0,0,0,0,0,0,0,0,25,38,0,0,0,0,26,25,0,21,0,0,0,36,19,0,0,0,20,21,0,43,0,0,0,0,0,0,0,12,0,0,0,35,0,0,34,0,0,0,0,42,0,0,0,49,0,0,0,0,0,47,10,25,17,0,0,0,42,46,0,26,16,21,30,34,26,28,33,39,12,14,21,10,5,4,5,14,5,5,0
1356868800,0,0,0,0,50,0,1,26,2,14,35,0,0,0,5,6,8,6,19,8,8,5,10,20,7,0,0,0,0,0,0,0,0,0,0,9,0,0,0,50,0,0,0,49,0,30,0,0,0,0,0,0,0,0,0,0,0,0,0,0,0,0,24,0,42,0,11,31,11,0,19,0,0,0,0,0,31,0,0,0,0,0,0,0,0,0,0,0,0,0,0,0,0,0,0,16,0,0,0,0,0,0,0,27,0,13,44,0,0,0,1,0,9,1,1,0,0,0,0,0,0,0,0,0,0,0,0,0,0,6,4,2,0,0,15,0,20,25,0,28,0,0,0,0,0,0,0,0,0,0,0,0,0,0,0,0,0,0,0,37,0,0,0,0,0,0,0,0,7,6,0,0,0,0,0,0,0,0,0,0,0,0,0,0,0,0,0,0,0,0,0,0,0,0,0,0,0,0,0,0,0,0,0,0,27,0,0,0,0,0,0,0,0,0,0,0,0,0,0,0,0,0,0,0,0,0,0,0,0,0,0,0,0,0,0,0,43,0,10,7,9,22,23,17,27,24,17,22,13,11,8,4,7,12,16,23,20,21
1356868800,0,0,0,31,10,19,43,9,35,0,17,0,0,0,0,0,0,0,0,0,0,0,0,0,0,0,0,16,0,0,0,0,0,0,39,0,0,0,0,0,0,0,48,0,47,34,6,5,0,50,0,25,0,0,27,0,29,41,0,24,0,0,16,0,13,0,15,12,46,2,20,0,22,31,0,0,15,36,19,28,0,0,0,0,0,0,0,0,0,0,0,0,0,0,0,0,0,0,0,29,0,0,0,0,0,0,43,22,0,0,14,0,0,17,42,0,0,0,7,0,24,0,0,7,0,0,0,0,36,27,29,33,0,0,39,0,0,0,34,0,31,0,16,35,0,0,0,0,34,0,0,0,0,0,0,46,0,0,0,19,50,0,0,21,0,0,0,10,0,31,0,0,0,0,0,0,0,41,0,0,0,0,0,0,0,0,0,0,44,0,27,14,8,0,0,0,30,0,0,41,31,36,49,43,0,0,0,7,30,48,34,0,0,17,0,0,0,0,0,0,0,0,0,25,0,0,0,0,0,0,0,0,0,0,38,12,0,46,27,35,27,17,15,40,48,0,44,30,15,28,20,15,12,7,25,18,30,36
1356868800,0,0,0,0,33,30,0,0,0,28,6,0,0,0,0,0,0,0,0,0,0,0,0,0,0,29,27,8,0,0,26,16,0,0,0,0,0,0,0,0,0,0,0,0,35,0,49,0,9,35,0,9,41,23,42,0,0,9,27,8,26,0,0,0,0,0,17,28,0,0,21,0,11,0,0,32,14,11,3,0,0,0,9,0,0,0,0,0,0,0,0,0,0,0,0,0,0,0,0,0,0,0,0,0,4,0,0,0,27,44,0,0,0,0,0,0,0,0,2,0,3,0,7,0,0,4,13,0,4,0,0,0,0,0,0,8,0,13,0,0,39,16,46,42,0,0,0,0,42,0,0,0,0,0,0,0,0,0,0,23,0,0,0,0,0,0,0,0,0,0,0,0,0,0,11,6,46,4,29,23,27,15,13,30,23,4,16,0,35,23,9,0,0,0,0,0,36,0,0,0,45,0,40,22,0,0,0,0,0,36,20,35,0,0,0,43,0,0,0,0,0,13,0,0,0,0,0,0,0,0,0,0,0,0,25,47,0,0,0,0,0,0,0,0,0,0,0,0,0,0,0,0,0,0,45,38,32,39
1356868800,0,0,0,41,18,20,0,23,0,0,0,0,0,0,0,0,0,0,0,0,0,0,0,0,0,0,0,0,0,0,0,0,0,0,0,0,0,0,0,0,0,0,0,0,0,0,0,0,0,0,0,0,0,0,0,0,0,0,0,0,0,0,0,0,0,0,10,0,19,0,22,0,0,0,0,0,0,0,0,0,0,0,0,0,0,0,0,0,0,0,0,0,0,0,0,0,0,0,0,0,0,0,0,0,0,0,0,0,0,0,0,0,0,0,0,0,0,0,0,0,0,0,0,0,0,0,0,0,0,0,0,0,0,0,0,0,0,0,0,0,0,0,0,0,0,0,0,0,0,0,0,0,0,0,0,0,17,0,0,36,3,0,0,22,0,0,0,0,0,0,0,0,0,0,0,0,0,0,0,0,0,0,0,0,0,0,0,0,0,0,0,0,0,0,0,0,0,0,0,0,0,0,0,0,0,0,0,0,0,0,0,0,0,0,0,0,0,0,0,0,0,0,0,0,0,0,0,0,0,0,0,0,0,0,0,0,0,0,0,0,0,0,0,0,0,0,0,0,0,0,41,0,46,41,44,36,50,0
1356868800,0,0,0,0,0,0,3,0,9,7,21,0,0,0,0,44,0,0,0,0,0,0,0,33,45,0,0,5,40,0,49,0,0,27,0,28,0,1,24,14,7,2,14,1,22,36,10,43,0,11,9,0,9,0,16,5,41,17,0,18,0,0,0,0,35,0,23,30,23,0,23,0,0,0,0,0,47,23,0,0,0,0,15,0,0,0,0,0,0,0,23,0,0,26,0,33,0,0,0,0,0,35,0,0,0,0,0,0,0,0,36,0,0,16,0,0,0,0,0,0,0,0,0,0,0,0,0,0,0,3,0,27,0,0,6,0,0,0,0,0,20,0,26,0,0,23,0,16,0,0,0,0,0,49,0,0,2,0,0,4,0,0,0,0,0,10,0,29,6,8,0,18,2,0,33,44,0,0,35,39,0,0,0,0,20,0,0,0,0,11,0,0,0,0,0,0,37,0,10,21,0,0,0,0,0,0,0,28,0,0,0,0,0,23,0,0,0,0,0,50,40,0,0,38,0,0,0,32,0,0,0,49,0,0,0,0,47,0,31,44,0,0,0,0,0,46,42,0,49,31,42,0,0,34,35,29,36,28
1356868800,0,0,0,19,22,22,28,0,0,3,1,10,0,0,0,0,0,0,0,0,0,0,0,0,0,14,15,4,0,0,7,32,0,15,24,0,0,0,0,0,0,0,0,0,0,0,0,0,16,22,0,10,37,18,11,32,15,8,8,10,41,0,0,0,0,0,28,26,0,0,24,0,16,38,0,12,20,20,9,0,0,0,5,0,0,0,0,0,0,0,0,0,0,0,0,0,0,0,0,0,0,0,29,0,6,0,0,0,0,0,0,0,0,0,0,0,0,0,8,0,17,0,44,0,0,2,7,27,8,0,0,0,0,0,0,7,0,0,0,0,27,18,42,34,0,28,0,45,0,0,0,0,0,0,0,0,0,0,0,41,0,0,0,0,0,0,0,0,0,0,0,0,0,0,14,9,42,5,33,11,31,17,8,0,11,3,24,3,46,37,13,0,0,0,0,0,34,0,0,0,0,31,0,25,0,30,0,0,0,49,30,39,0,0,0,0,0,0,0,0,0,30,0,0,0,0,0,0,0,0,0,0,0,0,37,28,0,0,0,0,0,0,0,0,0,0,0,0,0,0,0,0,0,0,49,26,39,0
1356868800,11,4,11,0,41,0,0,0,0,36,0,0,0,0,10,26,20,14,9,17,9,27,21,27,14,9,0,46,0,21,41,20,22,39,0,0,0,0,25,1,5,0,4,23,25,47,0,0,12,0,0,0,0,44,0,0,0,0,0,0,0,0,0,0,0,0,47,0,0,0,25,0,10,7,0,0,0,26,0,0,0,0,0,0,0,45,0,0,0,0,0,0,0,0,44,0,0,0,0,0,0,0,0,24,0,8,14,12,14,16,0,0,0,0,0,0,0,0,0,0,0,0,0,0,0,0,0,0,0,0,0,0,0,0,0,0,15,0,3,14,14,6,14,6,0,7,0,34,14,0,41,0,0,35,23,49,0,0,0,0,32,0,0,6,0,49,0,0,0,0,0,0,0,0,8,4,24,10,5,15,3,7,10,7,2,46,5,0,6,4,4,20,0,15,43,0,0,35,0,24,0,0,22,37,42,4,0,46,24,0,12,20,22,0,42,31,29,0,27,27,0,0,22,12,0,19,0,21,0,0,0,0,28,0,47,0,25,14,0,0,0,0,0,0,0,0,0,0,0,0,0,0,44,37,28,48,42,34
1356868800,0,0,0,0,40,24,0,1,0,0,0,0,43,0,0,0,0,0,0,0,0,0,0,0,0,0,43,0,0,0,0,0,7,0,0,0,0,0,0,0,0,0,0,0,0,0,0,0,0,0,0,0,0,0,0,0,0,0,0,0,0,0,7,0,0,0,48,48,28,0,26,0,30,16,0,29,0,0,0,0,0,0,0,0,0,0,0,0,0,0,0,0,0,0,0,0,0,0,0,0,0,0,0,0,0,0,0,0,0,0,0,0,0,0,0,0,0,0,0,0,0,0,0,0,0,0,0,0,0,0,0,0,0,0,0,0,0,0,0,0,0,0,0,15,0,0,0,0,0,0,42,0,42,0,0,0,42,0,0,28,0,0,0,30,0,0,0,0,0,0,0,0,0,0,0,0,0,21,30,0,0,49,0,37,45,0,0,0,36,0,43,24,0,0,21,41,28,0,0,0,36,34,33,0,0,0,8,45,0,0,0,0,0,46,24,0,0,0,0,0,23,0,0,0,0,0,0,44,40,13,19,38,0,48,0,0,26,0,21,42,32,0,44,42,34,0,0,33,25,22,28,26,15,22,40,16,17,50
1356868800,5,26,15,11,14,7,20,0,0,42,34,0,7,0,0,0,0,0,0,0,0,0,0,0,0,2,1,3,1,1,2,1,1,1,1,0,0,0,16,10,10,0,8,45,33,0,0,0,17,40,0,0,45,0,0,0,7,0,35,0,0,0,10,0,19,0,4,27,18,8,27,0,1,1,0,4,0,3,27,0,0,0,0,0,0,0,0,0,0,0,0,0,0,0,0,36,0,0,0,0,28,0,0,0,0,45,15,3,0,0,0,0,0,0,0,0,0,0,37,0,0,0,0,0,0,0,0,0,0,0,0,0,0,0,0,21,36,0,32,0,0,12,45,0,0,0,0,0,26,0,0,22,47,0,34,14,0,0,2,5,37,0,0,0,0,32,0,0,27,20,0,0,0,0,1,1,1,1,1,1,4,3,1,1,1,1,1,0,1,1,3,1,1,4,1,17,1,2,2,1,1,1,1,1,1,1,1,1,1,1,1,1,1,1,1,1,1,0,1,1,2,2,1,1,43,1,0,2,1,1,1,1,1,2,1,1,1,1,0,0,0,0,0,0,0,0,0,0,0,0,0,25,16,32,19,21,28,49
1356868800,0,0,0,10,0,0,0,0,0,0,0,0,0,0,0,0,0,0,0,0,0,0,0,0,0,0,0,0,0,0,0,0,0,0,0,0,0,0,0,0,0,0,0,0,0,10,0,0,0,0,0,0,0,0,23,0,0,0,0,0,0,0,0,0,33,0,24,0,0,0,28,0,0,0,0,0,0,0,0,0,0,0,0,0,0,0,0,0,0,0,0,0,0,0,0,0,0,0,0,0,0,0,0,0,38,0,0,0,15,15,0,0,0,0,0,0,0,0,0,0,0,0,0,0,0,0,0,0,0,0,0,0,0,0,0,0,0,0,48,0,47,15,0,0,0,0,0,0,40,26,17,34,36,18,0,11,0,0,13,0,0,0,0,0,0,0,0,0,0,0,0,0,0,0,0,0,0,0,0,0,0,0,0,0,0,0,0,0,0,0,0,0,0,0,0,0,0,0,0,0,0,0,0,0,0,0,0,0,0,0,0,0,0,0,0,0,0,0,0,0,0,0,0,0,0,0,0,0,0,0,0,0,0,0,0,0,0,0,0,0,0,0,0,0,0,0,0,0,0,33,0,0,0,0,0,45,45,44
1356868800,29,31,30,15,28,0,0,36,0,0,0,0,0,0,12,12,17,8,10,15,6,11,16,30,9,27,0,0,0,11,42,49,0,0,6,33,0,4,1,2,2,0,7,35,0,20,0,0,8,0,0,0,33,39,48,16,24,0,0,0,0,0,0,14,36,0,14,0,27,41,29,0,17,2,0,40,19,8,0,0,0,0,3,0,0,0,0,0,0,0,0,0,15,0,0,0,0,0,0,0,0,0,6,15,0,12,22,4,23,18,0,0,0,0,0,0,0,0,43,0,0,39,0,0,0,0,0,0,0,0,0,0,0,0,0,33,7,9,4,7,7,3,7,0,0,10,0,10,4,43,28,31,25,7,0,38,0,0,8,0,11,0,0,0,0,0,0,0,0,25,0,0,0,0,26,33,9,27,13,19,7,48,25,24,8,22,7,5,11,8,22,3,29,0,9,0,47,0,22,14,23,16,12,24,40,29,0,0,12,23,14,9,17,31,12,17,16,0,7,18,13,17,40,27,0,20,0,15,14,11,18,13,29,0,40,0,20,5,0,0,0,0,0,0,0,0,0,0,0,0,0,0,0,39,30,34,47,0
1356868800,0,45,0,3,39,0,0,0,0,0,0,0,0,0,0,0,0,0,0,0,0,0,0,0,0,0,0,0,0,0,0,0,0,0,0,0,0,0,0,0,0,0,13,0,0,12,0,0,45,0,0,0,0,30,0,0,0,0,0,0,0,0,0,0,34,0,35,0,49,0,30,0,0,0,32,0,0,0,0,0,0,0,0,0,0,0,0,0,0,0,0,0,0,0,0,0,0,0,0,0,0,0,0,0,0,0,0,0,0,0,0,0,0,0,0,0,0,0,0,0,0,0,0,0,0,0,0,0,0,0,0,0,0,0,0,0,0,0,27,0,0,0,0,0,0,0,0,19,0,0,0,0,49,4,0,37,8,0,0,0,0,0,0,0,0,0,0,0,0,0,0,0,0,0,0,0,0,0,0,0,0,0,0,0,0,0,0,0,0,0,0,0,0,0,0,0,0,0,0,0,0,0,0,0,0,0,0,0,46,0,45,0,0,0,0,0,0,0,0,0,0,0,0,0,0,0,0,0,0,0,0,41,0,0,0,0,0,0,0,0,0,0,0,0,0,0,0,0,0,0,0,0,0,36,0,32,34,25
1356868800,0,0,0,30,23,0,6,0,0,0,0,0,0,0,0,0,0,0,0,0,0,0,0,0,0,0,0,0,0,0,0,0,0,0,0,0,0,0,0,0,0,0,0,0,0,0,0,0,0,0,0,0,0,0,0,0,0,0,0,0,0,0,0,0,0,0,40,0,0,39,31,0,0,49,0,0,0,0,0,0,0,0,0,0,0,0,0,0,0,0,0,0,0,0,0,0,0,0,0,0,41,0,0,0,0,0,0,0,0,0,8,0,0,15,21,0,0,0,0,0,0,0,0,0,0,0,0,0,0,0,0,0,0,0,0,11,0,0,0,0,0,0,0,0,0,0,0,0,0,0,0,0,0,0,0,0,0,0,23,0,0,0,0,0,0,0,17,0,0,0,0,6,0,0,0,0,0,0,0,0,0,0,0,0,0,0,0,0,34,0,0,0,0,0,0,0,0,0,0,0,0,0,0,0,0,0,0,0,0,0,0,0,0,0,0,0,0,0,0,0,0,0,0,0,0,0,0,0,0,0,0,0,0,0,0,0,0,0,45,0,0,0,0,0,0,0,0,0,0,0,0,0,0,0,0,0,0,0
1356868800,0,0,0,27,26,0,0,19,0,10,23,13,0,0,0,0,0,0,0,0,0,0,0,0,0,0,0,0,0,0,0,0,0,0,0,0,0,0,0,0,0,0,0,0,17,0,45,11,0,43,0,15,15,40,9,0,6,43,0,27,0,0,0,0,0,0,30,44,47,0,32,0,0,0,0,0,0,0,0,0,0,0,0,0,0,0,0,0,0,0,0,0,0,0,0,0,0,0,0,0,0,0,0,0,13,0,0,0,3,8,0,0,0,0,0,0,0,0,0,0,0,0,0,0,0,0,0,0,0,0,0,0,0,0,0,0,0,0,16,0,22,40,0,0,0,44,0,50,0,19,19,13,12,12,16,5,19,0,16,38,17,0,0,25,0,0,0,0,0,0,0,0,0,0,0,0,0,0,0,0,0,0,0,0,0,0,0,0,0,0,0,0,0,0,0,0,0,0,0,0,0,0,0,0,0,0,0,0,0,0,0,0,0,0,0,0,0,0,0,0,0,0,0,0,0,0,0,0,0,0,0,0,0,0,0,0,0,0,6,6,12,25,33,22,33,43,21,26,32,18,35,41,45,43,48,28,0,0
1356868800,0,25,19,0,0,14,26,2,18,1,9,0,6,0,0,0,0,0,0,0,0,0,0,0,0,4,21,9,17,13,5,2,0,10,16,12,0,0,0,0,0,50,0,7,7,7,4,1,2,4,4,3,4,4,4,7,2,5,0,3,0,0,43,0,0,0,50,5,0,5,33,0,5,14,0,15,25,15,0,0,0,0,0,0,0,0,0,0,0,0,0,0,0,0,0,8,0,1,0,11,16,0,0,4,39,3,16,47,29,28,33,0,0,10,12,0,0,0,0,0,0,0,6,0,0,0,6,0,0,41,15,39,0,0,0,1,35,3,0,6,9,27,5,3,1,11,0,3,6,9,0,36,15,0,31,20,14,0,31,13,18,0,0,2,0,0,0,0,17,12,0,0,0,0,18,38,0,49,15,9,43,22,21,5,28,27,27,0,15,16,12,10,7,0,7,32,8,9,0,44,6,2,6,4,2,15,17,6,5,5,7,7,9,7,7,5,9,0,3,13,1,12,0,6,0,3,0,9,5,20,27,7,6,0,9,7,18,7,14,17,33,0,0,0,0,0,0,0,50,35,24,16,33,20,18,15,15,30
1356868800,0,0,0,0,0,0,0,0,0,0,0,0,0,0,0,0,0,0,0,0,0,0,0,0,0,0,0,0,0,0,0,0,0,0,0,0,0,0,0,0,0,0,0,0,0,19,0,0,0,0,0,0,0,0,0,0,0,0,0,0,0,0,0,0,0,0,0,0,35,0,34,0,0,0,0,0,0,0,0,0,0,0,0,0,0,0,0,0,0,0,0,0,0,0,0,0,0,0,0,0,0,0,0,0,0,0,0,0,37,34,0,0,0,0,0,0,0,0,0,0,0,0,0,0,0,0,0,0,0,0,0,0,0,0,0,0,18,0,17,0,46,34,32,0,0,0,0,0,0,40,39,39,35,19,35,0,41,0,35,0,0,0,0,0,0,0,0,0,0,0,0,0,0,0,0,0,25,0,0,0,0,0,0,0,0,0,0,0,45,0,0,33,0,0,0,0,0,0,0,0,0,0,0,0,0,0,0,0,36,0,0,0,37,0,0,0,0,0,0,0,0,0,0,0,0,0,0,0,0,0,0,0,37,0,0,0,0,0,0,0,0,0,0,0,0,0,0,0,0,0,0,0,0,0,0,0,0,0
1356868800,0,0,0,14,36,0,30,0,0,13,0,0,0,0,0,0,0,0,0,0,0,0,0,0,0,0,0,0,0,0,0,0,0,0,0,0,0,0,0,0,0,0,0,0,16,3,25,0,0,27,0,0,0,38,0,0,25,0,0,0,43,0,0,0,0,0,29,0,44,0,35,0,42,8,0,0,0,0,0,0,0,0,0,0,0,0,0,0,0,0,0,0,0,0,0,0,0,0,0,0,0,0,0,0,7,0,0,21,10,13,0,0,0,0,0,0,0,0,0,0,0,0,0,0,0,0,0,0,0,0,0,0,0,0,0,0,0,0,13,0,32,23,38,0,0,0,0,22,38,46,8,17,6,11,29,28,0,0,0,0,19,0,0,0,0,0,0,0,0,0,0,0,0,0,0,29,0,0,0,0,37,0,0,0,38,0,37,0,13,0,0,37,0,24,0,0,0,0,0,0,0,0,44,0,0,0,0,0,0,0,0,0,0,0,0,0,0,0,0,0,0,0,0,0,0,0,0,0,0,0,0,0,0,0,0,0,0,0,0,0,0,0,0,0,0,0,0,0,0,0,0,0,0,0,0,0,0,0
1356868800,46,27,0,0,0,17,0,48,1,5,13,0,0,0,1,3,2,2,4,4,2,2,3,3,2,23,0,21,6,14,0,0,37,48,0,1,0,0,0,19,19,0,0,11,26,6,17,0,11,0,30,24,36,7,40,15,39,16,0,37,0,0,0,0,40,0,33,17,0,0,36,0,50,41,0,17,3,6,0,12,0,0,0,0,0,0,0,0,0,0,0,0,0,0,0,13,0,5,0,33,0,1,0,0,0,5,3,32,0,43,3,0,0,3,4,0,0,0,27,0,40,0,0,41,0,0,28,0,47,2,13,1,0,3,2,0,9,5,0,17,25,0,24,19,0,17,0,36,15,24,48,47,37,32,25,30,0,0,0,15,29,0,0,18,0,0,3,0,2,3,0,5,0,0,39,0,12,0,31,0,12,35,43,17,24,37,19,0,28,34,17,0,20,0,0,0,0,0,0,0,0,33,48,0,5,32,0,18,25,0,23,0,0,0,43,23,36,0,21,0,43,0,0,26,0,0,0,0,0,0,9,0,36,0,0,0,11,0,32,46,0,0,0,0,0,0,0,38,37,42,50,11,5,29,38,0,0,40
1356868800,0,0,0,0,5,0,0,0,0,16,0,0,0,0,0,0,0,0,0,0,0,0,0,0,0,0,28,18,46,8,0,0,0,18,0,0,0,0,0,0,0,0,0,0,49,0,0,0,0,0,0,0,0,0,0,0,14,0,32,0,0,0,0,0,0,0,0,0,0,0,37,0,25,0,0,20,11,47,0,0,0,0,0,0,0,0,0,0,0,0,0,0,0,0,0,0,0,0,0,0,0,0,0,0,0,0,21,19,24,0,0,0,0,0,0,0,0,0,0,40,0,0,0,0,0,0,0,0,34,0,0,0,0,0,0,0,43,45,0,0,0,0,0,0,0,0,0,0,44,0,0,0,30,0,44,0,50,0,0,0,15,0,0,4,0,0,0,0,0,0,0,0,0,0,45,45,21,39,0,0,0,0,20,38,0,11,35,0,0,18,8,38,15,0,16,45,41,0,40,22,21,0,0,0,0,0,0,41,0,0,33,0,0,50,21,0,49,0,0,0,31,0,6,0,0,43,0,0,18,29,11,39,0,0,0,0,24,26,43,0,0,0,0,0,0,0,0,0,0,0,0,42,0,49,31,41,0,48
1356868800,0,0,0,0,0,48,0,0,0,0,37,0,0,0,0,0,0,0,0,0,0,0,0,0,0,0,0,0,0,0,0,0,0,0,0,0,0,0,0,0,0,0,0,0,0,0,0,0,0,0,0,0,0,0,43,0,0,0,0,0,0,0,14,0,38,0,0,9,31,0,38,0,0,0,0,0,0,0,0,7,0,0,0,0,0,0,0,0,0,0,0,0,0,0,0,0,0,0,0,0,0,0,0,0,46,0,0,0,0,0,0,0,0,34,38,0,0,0,0,0,0,0,3,0,0,0,0,0,21,0,0,0,0,0,0,0,42,0,0,10,30,0,0,0,0,0,0,39,20,0,0,0,0,0,40,0,0,0,0,10,38,0,0,0,0,0,0,0,0,0,0,0,0,0,0,0,0,0,0,0,0,0,0,0,0,0,0,0,0,0,0,0,0,0,0,0,0,0,0,0,0,0,0,0,0,0,0,0,0,0,0,0,0,0,0,0,0,0,0,0,0,0,0,0,0,0,0,0,0,0,0,0,0,0,0,0,0,0,0,0,0,5,5,5,16,30,6,7,5,14,15,35,23,13,9,50,37,0
1356868800,0,0,39,0,25,13,0,18,29,0,30,0,0,0,35,32,0,0,0,0,0,0,0,0,0,0,0,43,39,0,0,0,0,25,0,0,0,0,0,0,0,0,0,0,0,0,46,7,0,0,0,0,0,0,25,0,0,0,0,45,0,0,36,0,9,0,39,7,0,25,39,0,27,40,0,0,5,0,14,4,0,0,0,0,0,0,0,0,0,0,0,0,0,0,0,0,0,7,0,32,9,44,0,0,0,0,34,18,0,0,23,0,29,13,18,0,0,0,5,0,13,0,0,0,0,0,0,5,24,31,6,0,0,0,25,0,45,0,25,38,24,0,23,30,0,0,0,27,29,0,0,0,0,0,0,0,13,0,0,40,0,0,0,19,0,0,0,0,31,44,0,4,0,0,0,0,0,0,0,44,0,0,0,0,0,0,0,0,0,46,0,28,21,22,0,0,0,0,0,0,34,0,0,0,46,0,0,34,0,0,0,0,0,0,0,0,37,0,0,32,0,0,0,29,0,0,0,0,0,0,0,0,0,0,35,18,0,0,18,15,17,19,18,36,0,48,45,36,11,25,32,24,26,19,24,14,22,0
1356868800,0,0,0,0,0,46,0,0,0,0,0,0,0,0,0,0,0,0,0,0,0,0,0,0,0,0,0,0,0,0,0,0,0,0,0,0,0,0,0,0,0,0,0,0,0,0,0,0,0,0,0,0,0,0,0,0,0,0,0,0,8,0,40,0,21,0,44,47,0,23,40,0,0,0,0,0,0,0,0,0,0,0,0,0,0,0,0,0,0,0,0,0,0,0,0,0,0,0,0,0,0,0,0,0,0,0,0,0,0,0,9,0,0,20,13,0,0,0,0,0,0,0,0,0,0,0,0,0,0,0,0,0,0,0,0,0,0,0,0,0,0,0,0,0,0,0,0,0,0,0,0,0,0,0,0,0,0,0,0,8,41,0,0,13,0,0,0,0,0,0,0,0,0,0,0,0,0,0,0,0,0,0,0,0,0,0,0,0,0,0,0,0,0,0,0,0,0,0,0,0,0,0,0,0,0,0,0,0,0,0,0,0,0,0,0,0,0,0,0,0,0,0,0,0,0,0,0,0,0,0,0,0,0,0,0,0,0,0,7,8,8,29,32,28,0,0,34,34,29,41,0,0,43,0,0,0,0,45
1356868800,0,0,0,22,7,0,0,22,0,0,0,0,0,0,0,0,0,0,0,33,0,0,0,0,0,0,0,0,0,0,0,0,0,0,0,0,0,0,0,6,16,0,17,0,0,35,0,0,0,0,0,0,0,0,0,0,0,0,0,0,0,0,0,5,43,0,26,0,21,0,41,0,0,19,0,0,16,16,0,0,40,0,0,0,0,0,0,0,0,0,0,0,0,0,0,0,0,0,0,0,0,0,0,0,0,0,0,30,49,0,0,0,0,0,0,0,0,0,0,0,0,0,0,0,0,0,0,0,0,0,0,0,0,0,0,0,0,0,0,34,0,0,0,0,0,0,0,0,0,0,0,0,0,0,0,0,7,0,0,0,48,0,0,0,0,0,0,0,0,0,0,0,0,0,0,0,0,0,0,0,0,0,0,0,0,0,0,0,0,0,0,0,0,0,0,0,0,0,0,0,0,0,0,0,0,0,0,0,0,0,0,0,41,0,0,0,0,0,0,0,0,0,0,0,0,0,0,0,0,0,0,0,0,0,0,0,0,0,0,0,0,0,0,0,0,0,0,0,0,0,0,0,0,0,0,0,0,32
1356868800,0,0,0,0,0,0,0,0,0,0,0,0,0,0,0,0,0,0,0,0,0,0,0,0,0,0,0,0,0,0,0,0,0,0,0,0,0,0,0,0,0,0,0,0,0,0,0,0,0,0,0,0,0,0,0,0,0,0,0,0,0,0,0,0,0,0,42,0,0,0,42,0,0,0,0,0,0,0,0,0,0,0,0,0,0,0,0,0,0,0,0,0,0,0,0,0,0,0,0,0,0,0,0,0,0,0,0,0,0,0,0,0,0,0,0,0,0,0,0,0,0,0,0,0,0,0,0,0,0,0,0,0,0,0,0,0,0,0,0,0,0,0,0,0,0,0,0,0,0,0,0,0,0,0,0,0,0,0,0,0,0,0,0,0,0,0,0,0,0,0,0,0,0,0,0,0,0,0,0,0,0,0,0,0,0,0,0,0,0,36,0,0,0,0,0,0,0,0,0,0,0,0,0,0,0,0,0,0,0,0,0,0,0,0,0,0,0,0,0,0,0,0,0,0,0,0,0,0,0,0,0,0,0,0,0,0,0,0,0,0,0,0,0,0,0,0,0,0,0,0,0,0,0,0,0,0,0,0
1356868800,0,0,0,35,0,42,0,0,0,0,24,15,0,0,0,0,0,0,0,0,0,0,0,0,0,0,0,0,0,0,0,0,0,0,0,0,0,0,0,0,0,0,0,0,0,0,0,0,0,0,0,0,0,0,0,36,11,0,0,0,0,0,13,0,20,0,0,6,22,0,43,0,0,0,0,0,0,0,0,16,0,0,0,0,0,0,0,0,0,0,0,0,0,0,0,0,0,38,0,0,20,0,12,0,43,0,0,0,0,0,41,0,0,31,20,0,0,0,0,0,0,0,10,0,0,0,0,18,14,0,0,0,0,0,0,44,0,0,37,46,21,0,40,0,0,0,0,24,16,0,0,0,0,0,0,0,0,0,0,7,31,0,0,0,0,0,0,0,0,0,0,0,0,0,0,0,0,0,0,46,0,0,0,0,0,0,0,0,0,0,0,0,0,0,0,0,0,0,0,0,0,0,0,0,0,0,0,0,0,0,0,0,0,0,0,0,0,0,0,0,0,0,0,0,0,0,0,0,0,0,0,0,0,0,0,0,0,0,0,0,0,3,3,3,13,19,5,4,3,6,11,29,13,6,7,24,21,0
1356868800,0,0,0,0,0,0,0,0,0,0,0,0,0,0,0,0,0,0,0,0,0,0,0,0,0,0,0,0,0,0,0,0,0,0,0,0,0,0,0,0,0,0,0,32,0,0,0,0,0,0,35,0,0,42,0,0,0,0,0,0,0,0,0,0,0,0,0,0,32,0,44,0,0,0,0,0,0,0,0,0,0,0,0,0,0,0,0,0,0,0,0,0,0,0,0,0,0,0,0,0,0,0,0,20,0,0,0,0,0,0,0,0,0,0,0,0,0,0,44,0,0,0,0,0,0,0,0,0,0,0,0,0,0,0,0,0,0,17,0,25,0,0,47,29,0,37,0,33,0,0,0,0,0,44,0,0,0,0,0,0,0,0,0,0,0,0,0,0,0,0,0,0,0,0,0,0,0,0,0,0,0,0,0,0,0,0,0,0,0,0,0,0,0,0,0,0,0,0,0,0,0,0,0,0,0,0,0,0,0,0,0,0,0,0,0,0,0,0,0,0,0,0,0,0,0,0,0,0,0,0,0,0,0,0,0,0,0,0,0,0,0,0,0,0,0,0,0,0,0,0,0,0,0,0,0,0,0,0
1356868800,0,0,0,0,0,0,0,0,0,0,0,0,0,0,0,0,0,0,0,0,0,0,0,0,0,0,0,0,0,0,0,0,0,0,0,0,0,0,0,0,0,0,0,0,0,0,0,0,0,0,0,0,0,0,0,0,0,0,0,0,0,0,4,0,26,0,0,0,0,43,45,0,0,0,0,0,0,0,0,0,0,0,0,0,0,0,0,0,0,0,0,0,0,0,0,0,0,0,0,0,0,0,0,0,0,0,0,0,0,0,0,0,0,0,0,0,0,0,0,0,0,0,0,0,0,0,0,0,0,0,0,0,0,0,0,0,0,0,0,0,0,0,0,0,0,0,0,0,0,0,0,0,0,0,0,0,0,0,0,0,0,0,0,0,0,0,0,0,0,0,0,0,0,0,0,0,0,0,0,0,0,0,0,0,0,0,0,0,0,0,0,0,0,0,0,0,0,0,0,0,0,0,0,0,0,0,0,0,0,0,0,0,0,0,0,0,0,0,0,0,0,0,0,0,0,0,0,0,0,0,0,0,0,0,0,0,0,0,19,21,28,0,45,0,0,0,0,0,0,0,0,0,0,0,0,0,48,42
1356868800,0,0,0,0,0,0,0,0,0,0,0,0,0,0,0,0,0,0,0,0,0,0,0,0,0,0,0,0,0,0,0,0,0,0,0,0,0,0,0,0,0,0,0,0,0,0,0,0,0,0,0,0,0,0,0,0,0,0,0,0,0,0,0,0,0,0,0,0,0,0,46,0,0,0,0,0,0,0,0,0,0,0,0,0,0,0,0,0,0,0,0,0,0,0,0,0,0,0,0,0,0,0,0,0,0,0,0,0,0,0,0,0,0,0,0,0,0,0,0,0,0,0,0,0,0,0,0,0,0,7,26,16,0,5,4,0,0,0,0,0,0,0,0,0,0,0,0,0,0,0,0,0,0,0,0,0,0,0,0,0,0,0,0,0,0,0,0,0,24,10,0,0,0,0,0,0,0,0,0,0,0,0,0,0,0,0,0,0,0,0,0,0,0,0,0,0,0,0,0,0,0,0,0,0,0,0,0,0,0,0,0,0,0,0,0,0,0,0,0,0,0,0,0,0,0,0,0,0,0,0,0,0,0,0,0,0,0,0,0,0,0,0,0,0,0,0,0,0,0,0,0,0,0,0,0,0,0,0
1356868800,0,0,0,0,0,0,0,0,50,0,0,0,0,0,0,47,32,28,49,39,20,0,0,0,30,0,0,50,0,0,47,0,49,0,0,0,0,0,18,22,14,0,2,0,0,26,0,30,10,14,0,0,29,25,0,8,0,48,0,0,0,0,0,0,0,0,0,0,30,0,47,0,0,0,5,0,0,0,0,0,0,0,0,0,0,0,0,0,0,0,0,0,0,0,0,3,0,45,0,0,12,42,0,0,0,0,0,29,20,35,0,0,0,0,49,0,0,0,0,0,0,0,0,0,0,0,0,0,0,0,0,0,0,0,0,0,0,0,5,43,29,9,21,5,0,0,0,0,0,0,0,0,46,0,0,31,3,0,0,30,22,0,0,26,0,42,0,6,25,27,0,2,0,0,42,0,30,0,20,30,0,30,34,49,13,0,32,0,0,19,24,36,14,7,39,0,0,0,36,23,42,25,27,0,0,0,0,35,11,0,0,27,12,0,0,48,0,0,0,22,0,0,0,0,8,38,0,35,0,0,50,25,0,0,45,0,10,50,0,0,0,0,0,0,0,0,0,0,0,0,0,0,0,0,41,0,0,0
1356868800,0,0,0,0,0,33,0,0,0,19,11,0,0,0,0,0,0,0,0,0,0,0,0,0,0,0,38,20,0,0,0,0,0,0,0,0,0,0,0,0,0,0,0,0,0,0,0,0,0,19,0,18,0,41,41,44,21,34,22,25,0,0,0,0,0,0,0,0,0,0,48,0,33,0,0,0,42,24,8,0,0,0,21,0,0,0,0,0,0,0,0,0,0,0,0,0,0,0,0,0,0,0,0,0,12,0,0,0,0,0,0,0,0,0,0,0,0,0,26,0,42,0,28,0,0,5,12,0,6,0,0,0,0,0,0,10,0,0,0,0,0,29,0,0,0,0,0,0,0,0,0,0,0,0,0,0,18,0,0,0,0,0,0,0,0,0,0,0,0,0,0,0,0,0,31,8,0,13,0,28,25,25,18,0,0,15,31,1,0,47,0,0,0,0,0,0,0,0,0,0,0,0,0,39,0,0,0,0,0,0,0,0,0,0,0,0,0,0,0,0,0,46,0,0,0,0,0,0,0,0,0,0,0,0,0,0,0,0,0,0,0,0,0,0,0,0,0,0,0,0,0,0,0,0,0,0,0,0
1356868800,43,0,43,23,0,45,0,0,0,0,0,0,0,0,0,0,0,0,0,0,0,0,0,0,0,12,0,35,0,0,39,10,17,8,5,0,0,0,0,0,0,0,0,0,0,0,0,27,0,0,0,0,0,0,0,0,0,0,0,0,0,0,0,0,0,0,0,0,0,0,49,0,18,0,0,0,0,0,0,0,0,0,0,0,0,0,0,0,0,0,0,0,0,14,0,0,0,0,0,0,0,0,0,0,0,0,10,0,0,0,0,0,0,0,0,0,0,0,0,0,0,0,0,0,0,0,0,0,0,0,0,0,0,0,0,0,0,0,21,48,33,35,30,0,0,20,0,0,0,0,0,0,0,0,0,0,0,0,0,0,0,0,0,41,0,46,0,0,0,0,0,0,0,0,0,0,47,0,0,47,0,0,0,0,0,14,0,0,0,0,0,9,27,0,4,0,25,0,0,16,19,13,26,10,25,0,48,0,15,15,13,14,42,35,29,11,11,0,0,0,27,4,12,8,0,12,0,6,17,6,10,19,19,33,20,26,44,13,0,0,0,0,0,0,0,0,0,0,0,0,0,0,0,0,0,0,0,0
1356868800,0,0,0,0,0,0,0,0,0,0,0,0,0,0,0,0,0,0,0,0,0,0,0,0,0,0,0,0,0,0,0,0,0,0,0,0,0,0,0,0,0,0,0,0,0,0,0,0,0,0,0,0,0,0,0,0,0,0,0,0,0,0,0,0,0,0,0,0,0,0,50,0,0,0,0,0,0,0,0,0,0,0,0,0,0,0,0,0,0,0,0,0,0,0,0,0,0,0,0,0,0,0,0,0,16,0,0,0,0,0,0,0,0,0,0,0,0,0,0,0,0,0,0,0,0,0,0,0,0,0,0,0,0,0,0,0,0,0,0,0,0,45,0,0,0,0,0,0,0,0,0,0,0,0,0,0,0,0,0,0,0,0,0,46,0,0,0,0,0,0,0,0,0,0,30,0,0,47,23,0,14,50,24,41,26,0,0,22,16,17,0,0,0,0,0,0,0,0,0,0,0,0,0,0,0,0,0,0,0,0,0,0,0,0,0,0,0,0,0,0,0,0,0,0,0,0,0,0,0,0,0,0,0,0,0,0,0,0,0,0,0,0,0,0,0,0,0,0,0,49,9,36,0,0,0,0,0,0
