1356868800,19,15,5,1,43,3,0,14,14,6,5,0,0,0,2,2,1,1,1,1,1,1,1,1,1,16,0,15,47,0,0,24,39,13,3,4,0,0,3,3,1,0,1,3,1,1,9,4,1,3,22,7,2,6,7,12,9,18,33,5,10,0,3,1,1,0,1,3,3,12,1,0,4,5,0,0,1,5,0,0,0,0,1,0,0,0,0,0,0,0,0,0,0,0,0,0,0,4,0,0,4,37,0,2,2,19,2,2,2,1,6,0,0,2,3,0,0,0,38,0,0,28,12,45,0,26,0,0,20,13,0,22,0,0,22,35,1,0,2,1,1,1,2,1,3,2,0,1,1,8,13,2,3,8,2,7,1,0,22,3,4,0,0,3,0,26,2,1,1,1,0,1,0,0,2,46,3,16,7,13,2,13,7,3,19,0,2,0,3,3,7,5,22,16,15,48,0,39,9,10,12,23,4,31,34,9,0,0,4,43,8,4,5,19,22,10,13,0,12,26,10,0,0,17,48,10,0,0,33,0,15,21,0,0,22,0,40,11,0,0,0,0,0,0,6,16,14,30,26,17,27,1,1,1,2,1,2,2
1356868800,0,0,0,0,0,0,0,0,4,27,0,0,0,0,3,1,6,4,3,3,4,3,2,4,3,49,45,32,15,22,37,0,0,0,0,3,0,0,0,0,30,0,0,14,0,0,0,8,28,0,45,0,39,31,0,0,0,21,0,0,0,0,0,0,0,0,0,0,0,0,0,0,0,0,0,0,13,19,0,0,0,0,0,0,0,0,0,0,0,0,0,0,0,0,0,0,0,0,0,7,0,26,26,0,0,0,0,0,0,0,2,0,5,4,2,0,0,0,0,0,0,0,0,0,0,0,0,0,0,4,1,3,0,6,3,0,13,0,0,22,0,0,0,0,0,36,0,0,30,0,0,0,0,0,0,0,0,0,12,0,0,0,0,0,0,0,6,0,4,2,0,8,0,0,0,0,26,0,0,0,50,0,0,0,0,0,0,0,40,0,0,0,33,0,0,0,0,0,0,0,0,0,0,0,3,0,0,44,45,0,0,0,0,0,0,0,26,0,0,0,0,0,0,30,0,0,0,0,0,0,17,0,0,0,0,0,41,0,2,1,2,1,2,3,4,1,1,1,2,1,6,10,4,4,3,7,1,1
1356868800,46,27,0,0,0,17,0,48,1,5,13,0,0,0,1,3,2,2,4,4,2,2,3,3,2,23,0,21,6,14,0,0,37,48,0,1,0,0,0,19,19,0,0,11,26,6,17,0,11,0,30,24,36,7,40,15,39,16,0,37,0,0,0,0,40,0,33,17,0,0,36,0,50,41,0,17,3,6,0,12,0,0,0,0,0,0,0,0,0,0,0,0,0,0,0,13,0,5,0,33,0,1,0,0,0,5,3,32,0,43,3,0,0,3,4,0,0,0,27,0,40,0,0,41,0,0,28,0,47,2,13,1,0,3,2,0,9,5,0,17,25,0,24,19,0,17,0,36,15,24,48,47,37,32,25,30,0,0,0,15,29,0,0,18,0,0,3,0,2,3,0,5,0,0,39,0,12,0,31,0,12,35,43,17,24,37,19,0,28,34,17,0,20,0,0,0,0,0,0,0,0,33,48,0,5,32,0,18,25,0,23,0,0,0,43,23,36,0,21,0,43,0,0,26,0,0,0,0,0,0,9,0,36,0,0,0,11,0,1,2,4,2,1,5,1,2,2,2,3,3,7,8,3,3,1,4,3,3
1356868800,0,0,0,0,0,0,0,0,10,0,0,0,0,0,6,5,5,5,5,9,5,9,4,7,4,0,0,0,0,0,0,0,0,0,0,6,15,0,0,0,0,0,0,46,0,38,0,0,22,0,0,0,44,27,0,0,0,0,0,0,0,0,0,0,0,0,0,0,0,24,0,0,0,32,0,0,23,34,0,0,0,0,0,0,0,0,0,0,0,0,0,0,0,0,0,0,0,0,0,0,0,0,0,10,0,0,47,0,0,46,10,0,26,6,10,0,0,0,42,0,0,0,0,0,0,0,0,0,0,10,2,4,0,10,14,0,24,7,0,20,0,47,0,0,0,19,0,0,0,0,37,0,0,0,0,0,0,0,0,0,0,0,0,0,0,0,0,0,12,28,0,30,0,0,0,0,49,0,0,0,28,0,0,0,0,0,0,0,47,0,0,0,24,0,0,0,0,0,0,0,0,0,0,0,15,0,0,0,0,0,0,0,0,0,0,0,50,0,38,0,0,0,0,31,0,0,0,0,0,0,5,0,0,0,0,0,32,0,4,3,5,5,5,7,8,4,5,3,5,4,16,9,8,12,4,3,6,7
1356868800,50,18,0,0,0,0,38,0,7,0,31,0,0,0,4,7,4,7,13,7,3,4,5,6,6,18,13,23,24,0,0,0,0,0,0,7,0,0,0,0,0,0,0,18,31,24,0,0,7,0,43,29,7,10,0,20,23,20,0,38,0,0,0,0,0,0,0,0,0,0,0,0,31,15,0,3,18,42,0,0,0,0,0,0,0,0,0,0,0,0,0,0,0,0,0,1,0,42,0,0,0,0,0,0,0,49,37,0,0,0,4,0,14,5,5,0,0,0,0,0,0,0,0,10,0,0,0,0,41,11,21,5,0,11,16,0,2,37,44,19,0,0,39,0,0,15,0,0,0,0,0,0,0,0,0,0,0,0,10,0,0,0,0,0,0,0,31,0,3,7,0,0,0,0,36,0,33,48,0,0,18,0,31,12,49,0,20,0,24,28,6,0,44,0,0,15,0,0,0,0,0,0,0,0,8,0,0,16,43,0,0,0,0,41,0,21,48,0,0,0,0,0,0,20,0,0,0,0,0,0,29,0,0,10,0,46,38,43,3,5,1,3,4,4,7,5,3,5,1,2,8,7,5,7,6,9,4,4
1356868800,0,0,0,0,0,0,0,0,19,0,0,0,0,0,7,8,7,3,8,2,7,7,6,5,5,0,0,0,22,0,0,0,0,47,0,8,0,0,0,30,45,0,0,0,0,28,0,0,0,0,24,23,19,0,0,0,0,31,0,0,0,0,0,0,0,0,0,0,0,0,0,0,44,0,0,0,0,0,0,0,0,0,0,0,0,0,0,0,0,0,0,0,0,0,0,27,0,0,0,6,0,0,0,37,0,0,23,0,0,0,16,0,31,22,22,0,0,0,0,0,0,0,0,9,0,25,0,0,0,30,10,10,0,2,28,0,8,0,0,0,0,0,0,0,0,0,0,0,17,16,40,16,40,50,27,19,0,0,0,0,0,0,0,0,0,0,0,8,19,4,0,0,0,0,0,0,0,0,45,0,33,0,0,42,0,0,0,0,0,0,47,0,26,0,0,0,0,0,0,0,0,0,0,0,0,0,0,0,0,0,0,0,0,0,45,0,0,0,0,0,0,0,0,0,0,0,0,0,0,0,0,0,0,0,0,0,0,0,0,0,0,0,0,0,26,28,9,8,6,5,2,2,2,2,7,2,5,6
1356868800,0,0,0,0,0,0,0,0,8,0,0,0,0,0,9,10,16,11,20,16,13,8,7,0,10,0,0,0,0,0,0,0,0,0,0,10,0,0,0,0,0,0,0,0,0,0,0,0,0,0,0,0,0,0,0,0,0,0,0,0,0,0,0,0,0,0,0,0,0,0,0,0,0,0,0,0,0,0,0,37,0,0,0,0,0,0,0,0,0,0,0,0,0,0,0,0,0,44,0,0,0,0,0,0,0,0,0,0,0,0,17,0,8,8,15,0,0,0,0,0,0,0,0,0,0,49,0,0,0,15,25,8,0,17,12,0,6,0,0,45,0,0,0,0,0,0,0,0,0,0,0,0,0,0,0,0,0,0,0,0,0,0,0,0,0,0,0,0,9,21,0,14,0,0,0,0,0,0,0,0,0,0,0,0,0,0,0,0,0,0,0,0,25,0,0,0,0,0,0,0,0,0,0,0,11,0,0,0,0,0,0,0,0,0,0,0,0,0,0,0,0,0,0,48,0,0,0,0,0,0,30,0,0,0,0,0,36,0,9,7,6,7,10,10,9,8,4,6,7,7,24,14,16,11,13,12,8,9
1356868800,0,0,0,16,49,43,5,0,48,0,0,0,0,0,14,4,3,9,33,18,12,0,8,2,8,36,40,0,0,0,36,0,5,0,0,5,0,0,0,0,0,11,24,4,0,0,0,13,0,39,0,43,0,0,33,0,20,29,0,47,0,0,0,0,46,0,32,41,24,0,0,0,0,0,0,0,0,0,0,0,0,0,0,0,0,0,29,0,0,0,0,0,0,0,0,0,0,3,0,0,17,17,3,1,0,0,31,50,0,0,0,0,0,25,14,0,0,0,0,0,8,0,0,0,0,0,0,0,0,42,0,0,0,0,18,15,0,0,0,0,35,0,35,0,0,25,0,11,37,0,0,0,0,0,0,0,0,0,1,39,0,0,0,45,0,0,0,0,48,0,0,0,0,0,47,0,27,0,0,35,0,0,42,19,0,31,43,21,0,42,0,43,0,33,0,10,24,45,14,28,0,27,35,50,0,0,5,23,28,0,0,43,29,10,0,32,0,0,25,0,0,31,29,0,0,0,0,0,35,24,0,26,9,0,33,0,30,0,6,14,25,15,26,22,10,9,12,12,8,6,28,15,13,29,18,6,9,13
1356868800,0,0,0,0,0,0,0,0,0,0,0,0,0,0,19,16,18,12,7,6,14,12,9,0,13,0,0,0,0,0,0,0,0,0,0,0,0,0,0,0,0,0,0,0,0,0,0,0,0,0,0,0,0,0,0,0,0,0,0,0,0,0,0,0,0,0,0,0,0,0,0,0,0,0,0,0,0,0,0,0,0,0,0,0,0,0,0,0,0,0,0,0,0,0,0,0,0,0,0,28,0,0,0,0,0,0,0,0,0,0,0,0,16,0,0,0,0,0,0,0,0,0,0,4,0,0,0,23,0,0,0,40,0,1,0,0,0,0,0,0,0,0,0,0,0,0,0,0,0,0,0,0,0,0,0,0,0,0,0,0,0,0,0,0,0,0,0,0,0,0,0,0,0,0,0,0,0,0,0,0,0,0,0,0,0,0,0,0,0,0,0,0,30,0,0,0,0,0,0,0,0,0,0,0,0,0,0,0,0,0,0,0,0,0,0,0,0,0,0,0,0,0,0,0,0,0,0,0,0,0,0,0,0,0,0,0,0,0,0,0,0,0,0,0,0,0,0,0,0,0,17,5,10,6,15,18,15,10
1356868800,0,0,0,0,50,0,1,26,2,14,35,0,0,0,5,6,8,6,19,8,8,5,10,20,7,0,0,0,0,0,0,0,0,0,0,9,0,0,0,50,0,0,0,49,0,30,0,0,0,0,0,0,0,0,0,0,0,0,0,0,0,0,24,0,42,0,11,31,11,0,19,0,0,0,0,0,31,0,0,0,0,0,0,0,0,0,0,0,0,0,0,0,0,0,0,16,0,0,0,0,0,0,0,27,0,13,44,0,0,0,1,0,9,1,1,0,0,0,0,0,0,0,0,0,0,0,0,0,0,6,4,2,0,0,15,0,20,25,0,28,0,0,0,0,0,0,0,0,0,0,0,0,0,0,0,0,0,0,0,37,0,0,0,0,0,0,0,0,7,6,0,0,0,0,0,0,0,0,0,0,0,0,0,0,0,0,0,0,0,0,0,0,0,0,0,0,0,0,0,0,0,0,0,0,27,0,0,0,0,0,0,0,0,0,0,0,0,0,0,0,0,0,0,0,0,0,0,0,0,0,0,0,0,0,0,0,43,0,8,4,3,4,3,1,5,3,7,4,9,8,9,17,7,10,5,5,7,5
1356868800,0,0,0,0,0,0,0,0,0,0,0,0,0,0,44,21,22,34,18,10,22,14,11,0,19,0,0,0,34,0,0,0,0,0,0,38,0,0,0,0,0,0,0,0,0,0,0,0,0,0,0,0,0,0,0,0,0,0,0,0,0,0,0,0,0,0,0,0,0,0,0,0,0,0,0,0,0,0,0,0,0,0,0,0,0,0,0,0,0,0,0,0,0,0,0,43,0,0,0,0,0,0,0,0,0,0,0,0,0,0,0,0,2,0,0,0,0,0,0,0,0,0,0,8,0,0,0,0,0,0,0,0,0,14,0,0,0,0,0,0,0,0,0,0,0,0,0,0,0,0,0,0,0,0,0,0,0,0,0,0,0,0,0,0,0,0,0,0,0,0,0,0,0,0,0,0,0,0,0,0,0,0,0,0,0,0,0,0,0,0,0,0,0,0,0,0,0,0,0,0,0,0,0,0,0,0,0,0,0,0,0,0,0,0,0,0,0,0,0,0,0,0,0,0,0,0,0,0,0,0,0,0,0,0,0,0,0,0,0,0,0,0,0,0,0,0,0,0,0,0,18,4,12,8,12,16,13,14
1356868800,0,0,0,0,0,0,0,0,11,0,0,0,0,0,8,11,15,13,24,11,17,10,12,36,11,0,0,0,0,0,0,0,0,0,0,14,0,0,0,0,0,0,0,0,0,0,0,0,0,0,0,0,16,0,0,34,0,0,0,0,0,0,0,0,0,0,0,0,0,0,0,0,0,0,0,42,0,0,0,0,0,0,0,0,0,0,0,0,0,0,0,0,0,0,0,31,0,0,0,50,0,0,0,39,0,43,49,0,0,0,11,0,11,18,17,0,0,0,0,0,0,0,37,0,0,0,0,0,0,20,9,12,0,8,29,0,10,0,0,37,0,0,0,0,0,0,0,0,0,0,0,0,0,38,0,0,0,0,0,0,0,0,0,0,0,0,5,0,21,18,0,0,0,0,0,0,45,0,0,0,44,0,0,0,0,0,0,0,0,0,0,0,32,0,0,0,0,0,0,0,0,0,0,0,10,0,0,0,0,0,0,0,0,0,0,0,45,0,0,0,0,0,0,40,0,0,0,0,0,0,46,0,0,22,0,0,37,0,13,8,7,6,9,14,14,6,10,9,12,12,23,18,18,13,8,27,16,8
1356868800,0,0,0,0,0,0,0,0,0,0,0,0,0,0,0,33,45,26,0,0,0,0,13,14,28,0,0,0,0,0,0,48,0,0,0,2,0,0,0,0,0,0,0,6,0,0,0,0,0,0,0,0,0,0,0,0,0,0,0,0,0,0,0,0,0,0,0,0,0,0,0,0,0,0,0,0,0,0,0,0,0,0,0,0,0,0,0,0,0,0,0,0,0,0,0,0,0,0,0,2,25,49,19,8,0,0,0,0,0,0,0,0,0,0,0,0,0,0,0,0,0,0,0,0,0,0,0,0,0,0,0,0,0,0,0,0,0,0,0,0,0,0,0,0,0,0,0,0,0,0,0,0,0,0,0,0,0,0,0,0,0,0,0,0,0,0,0,0,0,0,0,0,0,0,0,0,0,0,0,0,0,0,0,0,0,0,0,0,0,0,0,0,0,0,0,11,0,0,0,0,0,0,0,0,0,0,0,0,0,0,0,0,0,0,0,0,0,0,0,0,0,0,48,0,0,0,0,0,0,0,0,0,0,0,0,0,0,0,14,34,0,31,47,0,0,38,0,38,34,50,0,40,33,0,21,23,18,0
1356868800,0,0,0,0,0,0,0,0,0,0,0,0,0,0,22,23,9,10,2,5,10,6,14,8,12,0,0,0,0,0,0,0,0,0,0,0,0,0,21,26,0,0,0,0,0,0,0,0,0,0,0,0,0,0,0,0,0,0,0,0,0,0,0,0,0,0,0,0,0,0,0,0,0,0,0,0,0,0,0,0,0,0,0,0,0,0,0,0,0,0,0,0,0,0,0,0,0,0,0,0,0,0,0,0,0,0,0,0,0,0,0,0,0,0,0,0,0,0,0,0,0,0,0,0,0,0,0,0,0,0,0,0,0,0,0,0,0,0,0,0,0,0,0,0,0,0,0,0,0,0,0,0,0,0,0,0,0,0,0,0,0,0,0,0,0,0,0,0,0,0,0,0,0,0,0,0,0,0,0,0,0,0,0,0,0,0,0,0,0,0,0,0,0,0,0,0,0,0,0,0,0,0,0,0,0,0,0,0,0,0,0,0,0,0,0,0,0,0,0,0,0,0,0,0,0,0,0,0,0,0,0,0,0,0,0,0,0,0,0,35,0,29,22,6,3,7,6,10,10,11,1,3,6,9,10,8,11,12
1356868800,0,0,0,0,0,0,0,0,0,0,0,0,0,0,47,34,38,39,27,13,24,22,15,0,22,0,0,0,0,0,0,0,0,0,0,0,0,0,0,0,0,0,0,0,0,0,0,0,0,0,0,0,46,0,0,0,0,0,0,0,0,0,0,0,0,0,0,0,0,0,0,0,0,0,0,0,0,0,0,0,0,0,0,0,0,0,0,0,0,0,0,0,0,0,0,0,0,0,0,0,0,0,0,0,0,0,0,0,0,0,0,0,0,0,0,0,0,0,0,0,0,0,0,21,0,0,0,0,0,0,0,0,0,12,0,0,0,0,0,0,0,0,0,0,0,0,0,0,0,0,0,0,0,0,0,0,0,0,0,0,0,0,0,0,0,0,0,0,0,0,0,0,0,0,0,0,0,0,0,0,0,0,0,0,0,0,0,0,0,0,0,0,0,0,0,0,0,0,0,0,0,0,0,0,0,0,0,0,0,0,0,0,0,0,0,0,0,0,0,0,0,0,0,0,0,0,0,0,0,0,0,0,0,0,0,0,0,0,0,0,0,0,0,0,0,0,0,0,0,0,21,6,19,14,17,20,24,16
1356868800,29,31,30,15,28,0,0,36,0,0,0,0,0,0,12,12,17,8,10,15,6,11,16,30,9,27,0,0,0,11,42,49,0,0,6,33,0,4,1,2,2,0,7,35,0,20,0,0,8,0,0,0,33,39,48,16,24,0,0,0,0,0,0,14,36,0,14,0,27,41,29,0,17,2,0,40,19,8,0,0,0,0,3,0,0,0,0,0,0,0,0,0,15,0,0,0,0,0,0,0,0,0,6,15,0,12,22,4,23,18,0,0,0,0,0,0,0,0,43,0,0,39,0,0,0,0,0,0,0,0,0,0,0,0,0,33,7,9,4,7,7,3,7,0,0,10,0,10,4,43,28,31,25,7,0,38,0,0,8,0,11,0,0,0,0,0,0,0,0,25,0,0,0,0,26,33,9,27,13,19,7,48,25,24,8,22,7,5,11,8,22,3,29,0,9,0,47,0,22,14,23,16,12,24,40,29,0,0,12,23,14,9,17,31,12,17,16,0,7,18,13,17,40,27,0,20,0,15,14,11,18,13,29,0,40,0,20,5,0,0,0,0,0,0,2,10,8,20,33,0,0,0,24,5,9,10,10,11
1356868800,0,0,0,0,0,0,0,0,21,0,0,0,0,0,29,13,10,19,30,23,19,13,17,0,16,0,39,0,0,0,0,0,0,0,0,15,0,0,0,0,44,0,0,0,0,0,0,0,0,0,0,0,0,0,0,0,0,0,0,0,0,0,0,0,0,0,0,0,0,0,0,0,0,0,0,0,0,0,0,0,0,0,0,0,0,0,0,0,0,0,0,0,0,0,0,0,0,0,0,49,0,0,0,0,0,0,0,0,0,0,44,0,0,36,0,0,0,0,0,0,0,0,0,5,0,0,0,0,0,36,24,11,0,18,41,0,0,0,0,0,0,0,0,0,0,0,0,0,0,0,0,0,0,0,0,0,0,0,0,0,0,0,0,0,0,0,28,0,36,32,0,0,0,0,0,0,43,0,0,0,34,0,0,0,0,0,0,0,0,0,0,0,0,0,0,0,0,0,0,50,0,0,0,0,17,0,0,0,0,0,0,0,0,0,0,0,0,0,0,0,0,0,0,0,0,0,0,0,0,0,47,0,0,0,0,0,0,0,16,23,9,10,14,40,21,11,16,15,25,10,33,36,36,25,23,35,23,18
1356868800,0,0,0,0,0,0,0,0,36,0,0,0,0,0,32,19,33,35,35,36,37,29,18,0,25,0,0,0,0,0,0,0,0,0,0,0,0,0,0,0,0,0,0,0,0,0,0,0,0,0,0,0,0,0,0,0,0,0,0,0,0,0,0,0,0,0,0,0,0,0,0,0,0,0,0,0,0,0,0,0,0,0,0,0,0,0,0,0,0,0,0,0,0,0,0,0,0,0,0,0,0,45,0,0,0,0,0,0,0,0,0,0,0,33,43,0,0,0,0,0,0,0,0,16,0,0,0,0,0,45,0,25,0,20,50,0,14,0,0,0,0,0,0,0,0,0,0,0,0,0,0,0,0,0,0,0,0,0,24,0,0,0,0,0,0,0,13,0,34,14,0,20,0,0,0,0,0,0,0,0,0,0,0,0,0,0,0,0,0,0,0,0,0,0,0,0,0,0,0,0,0,0,0,0,22,0,0,0,0,0,0,0,0,0,0,0,0,0,0,0,0,0,0,0,0,0,0,0,0,0,7,0,0,0,0,0,48,0,0,29,18,35,27,0,0,27,38,32,0,21,41,26,0,0,26,21,20,17
1356868800,0,0,0,0,0,0,0,0,0,0,0,0,0,0,0,0,0,0,0,0,0,0,19,28,47,0,0,0,0,0,0,0,0,0,0,31,0,0,0,0,0,0,0,0,0,0,0,0,0,0,0,0,0,0,0,0,0,0,0,0,0,0,0,0,0,0,0,0,0,0,0,0,0,0,0,0,0,0,0,0,0,0,0,0,0,0,0,0,0,0,0,0,4,0,0,0,0,0,0,25,0,0,0,0,0,0,0,0,0,0,0,0,0,0,0,0,0,0,0,0,0,0,0,0,0,0,0,0,0,0,0,0,0,0,0,0,0,0,0,0,0,0,0,0,0,0,0,0,0,0,0,0,0,0,0,0,0,0,0,0,0,0,0,0,0,0,0,0,0,0,0,0,0,0,0,0,0,0,0,0,0,0,0,0,0,0,0,10,0,0,0,0,0,0,0,0,0,0,0,0,0,0,0,0,0,0,0,0,0,0,0,0,0,0,0,0,0,0,0,0,0,0,0,0,0,0,0,0,0,0,0,0,0,0,0,0,0,0,20,37,23,34,0,0,0,42,0,21,49,0,0,0,0,0,0,0,28,0
1356868800,0,0,0,0,0,0,0,0,0,0,0,0,0,0,0,0,0,0,0,0,0,0,20,0,0,0,0,0,0,48,0,0,0,0,0,0,0,0,0,0,0,0,0,0,0,0,0,0,0,0,0,0,0,0,0,0,0,0,0,0,0,0,0,0,0,0,0,0,0,0,0,0,0,0,0,34,24,0,0,0,0,0,0,0,0,0,0,0,0,0,0,0,0,0,0,20,0,0,0,0,0,0,0,0,0,0,0,0,0,0,30,0,0,30,0,0,0,0,0,0,0,0,0,0,0,0,0,0,0,0,0,0,0,0,0,0,0,0,0,0,0,0,0,0,0,0,0,0,0,0,0,0,0,0,0,0,0,0,0,0,0,0,0,0,0,0,0,0,0,0,0,0,0,0,0,0,0,0,0,0,0,0,0,0,0,0,49,0,0,0,49,23,0,0,0,0,0,30,0,0,32,0,46,0,12,0,0,22,38,0,0,0,49,0,30,0,0,0,0,33,0,0,0,0,0,0,0,0,0,0,0,0,0,0,0,0,0,40,15,0,30,23,0,44,49,47,48,0,16,24,0,0,0,0,0,0,21,44
1356868800,11,4,11,0,41,0,0,0,0,36,0,0,0,0,10,26,20,14,9,17,9,27,21,27,14,9,0,46,0,21,41,20,22,39,0,0,0,0,25,1,5,0,4,23,25,47,0,0,12,0,0,0,0,44,0,0,0,0,0,0,0,0,0,0,0,0,47,0,0,0,25,0,10,7,0,0,0,26,0,0,0,0,0,0,0,45,0,0,0,0,0,0,0,0,44,0,0,0,0,0,0,0,0,24,0,8,14,12,14,16,0,0,0,0,0,0,0,0,0,0,0,0,0,0,0,0,0,0,0,0,0,0,0,0,0,0,15,0,3,14,14,6,14,6,0,7,0,34,14,0,41,0,0,35,23,49,0,0,0,0,32,0,0,6,0,49,0,0,0,0,0,0,0,0,8,4,24,10,5,15,3,7,10,7,2,46,5,0,6,4,4,20,0,15,43,0,0,35,0,24,0,0,22,37,42,4,0,46,24,0,12,20,22,0,42,31,29,0,27,27,0,0,22,12,0,19,0,21,0,0,0,0,28,0,47,0,25,14,31,0,0,13,16,19,41,24,30,7,4,9,46,39,17,0,0,11,43,0
1356868800,7,16,9,0,0,32,0,7,0,0,10,0,0,0,41,46,11,17,11,12,11,42,22,0,24,17,6,40,20,6,28,0,0,0,0,0,0,0,7,5,4,0,5,2,5,8,34,2,34,5,0,0,5,20,14,2,22,6,0,13,2,0,38,6,0,0,20,37,14,19,9,0,7,3,0,28,2,12,0,0,0,0,19,0,0,0,0,0,0,0,0,0,35,0,0,25,0,12,0,3,13,9,0,25,11,27,7,7,6,3,0,0,0,21,9,0,0,0,0,0,0,42,0,0,0,0,0,0,0,0,0,0,0,0,0,4,5,1,1,2,4,2,1,8,0,1,0,4,2,20,7,12,28,16,11,13,5,0,4,6,10,0,0,23,0,45,33,0,20,5,0,0,0,0,3,13,17,12,3,4,1,2,2,6,4,0,3,0,2,5,5,2,9,1,18,0,0,0,19,15,9,9,5,18,18,18,30,10,9,31,5,5,2,0,10,7,7,0,5,8,7,19,39,9,4,13,0,10,10,0,40,9,7,5,0,39,6,6,0,0,0,0,0,0,0,0,0,0,0,0,0,0,0,0,40,42,19,31
1356868800,4,6,6,0,30,8,0,0,0,33,12,0,0,0,0,0,0,0,0,0,0,0,23,0,0,1,49,1,2,4,1,5,0,4,35,16,0,0,0,0,0,0,0,0,9,18,0,16,0,0,0,0,50,37,0,0,0,50,0,21,0,0,0,0,0,0,0,11,0,0,0,0,2,44,0,0,10,0,10,0,3,0,0,0,0,0,0,0,0,0,0,0,0,0,0,7,0,2,0,17,42,2,0,0,28,2,13,43,0,27,0,0,0,39,0,0,0,0,31,0,0,0,13,0,0,37,0,0,13,0,0,0,0,0,0,32,0,0,0,0,11,0,28,0,40,13,0,41,21,28,0,24,0,17,37,0,0,0,0,46,42,0,0,0,0,40,0,0,0,0,0,0,0,0,5,11,15,6,11,2,30,39,9,0,37,28,8,0,12,15,10,15,10,12,22,26,7,3,4,9,5,11,11,2,19,5,20,39,8,3,9,3,6,11,23,3,0,0,14,20,18,9,0,3,14,2,0,11,6,3,0,18,13,28,3,2,34,3,0,0,0,0,0,0,0,0,0,0,0,0,0,0,0,0,0,0,0,0
1356868800,0,0,0,0,0,0,0,0,0,0,0,0,0,0,13,9,24,47,38,31,27,38,24,10,17,0,0,0,0,0,0,0,0,0,0,0,0,0,0,0,0,0,0,28,0,0,0,0,0,0,0,0,0,0,0,0,0,0,0,0,0,0,0,0,0,0,0,0,0,0,0,0,0,0,0,0,0,0,0,0,0,0,0,0,0,0,0,0,0,0,0,0,0,0,0,0,0,0,0,0,33,0,0,0,0,0,0,0,0,0,0,0,0,0,0,0,0,0,0,0,0,0,0,0,0,0,38,0,0,0,0,0,0,0,0,0,0,0,0,0,0,0,0,0,0,0,30,0,0,0,0,0,0,0,0,0,0,0,0,0,0,0,0,0,0,0,0,0,0,0,0,0,0,0,0,0,0,0,0,0,0,0,0,0,0,50,0,0,0,0,0,0,0,0,0,0,0,0,0,0,0,0,0,0,0,0,0,0,0,0,0,0,0,0,0,0,0,0,0,0,0,0,0,0,0,0,0,0,0,0,0,0,0,0,0,0,0,0,0,39,10,12,36,41,0,0,19,25,13,23,43,47,50,33,27,13,30,0
1356868800,0,0,0,0,0,0,0,0,28,0,0,0,0,0,23,36,13,24,0,26,32,15,25,0,15,0,0,0,0,0,0,0,0,0,0,42,0,0,0,0,0,0,0,0,0,0,0,0,0,0,0,0,0,35,0,0,0,0,0,0,0,0,0,0,0,0,0,0,0,0,0,0,0,0,0,0,0,0,0,0,0,0,0,0,0,0,0,0,0,0,0,0,0,0,0,0,0,0,0,0,0,0,0,0,0,0,0,0,0,0,26,0,3,37,44,0,0,0,0,0,0,0,0,34,0,0,0,0,0,49,7,34,0,13,0,0,0,0,0,0,0,0,0,0,0,0,0,0,0,0,0,0,0,0,0,0,0,0,0,0,0,0,0,0,0,0,0,0,49,37,0,9,0,0,0,0,0,0,0,0,0,0,0,0,0,0,0,0,0,0,0,0,0,0,0,0,0,0,0,0,0,0,0,0,0,0,0,0,0,0,0,0,0,0,0,0,0,0,0,0,0,0,0,0,0,0,0,0,0,0,0,0,0,0,0,0,45,0,42,19,13,20,17,23,20,31,11,13,30,14,34,33,41,28,22,30,14,21
1356868800,0,0,0,0,0,0,0,0,0,0,0,0,0,0,31,39,14,21,12,19,16,16,26,32,29,0,0,0,0,0,0,0,0,0,0,22,0,0,0,16,0,30,0,44,0,0,0,0,0,29,0,0,25,0,0,0,0,0,0,0,0,0,0,0,0,0,0,0,0,0,0,0,0,0,0,0,0,0,0,0,0,0,0,0,0,0,0,0,0,0,0,0,0,0,0,0,0,0,0,0,0,0,0,0,0,0,0,0,0,0,0,0,0,0,0,0,0,0,0,0,0,0,0,0,0,0,0,0,0,0,0,0,0,0,0,0,29,0,0,0,0,0,0,0,0,0,0,0,0,0,0,0,0,0,0,0,34,0,0,0,0,0,0,20,0,0,0,2,0,0,0,0,0,0,0,0,0,0,0,0,0,0,0,0,0,0,0,0,0,0,0,0,0,0,0,0,0,0,0,0,0,0,0,0,0,0,0,0,0,0,0,0,0,0,0,0,0,0,0,0,0,0,0,0,0,0,0,0,0,0,0,0,0,0,0,0,0,0,7,30,12,8,0,25,0,0,0,26,0,0,0,0,0,32,0,0,0,33
1356868800,0,0,0,0,0,0,0,0,0,0,0,0,0,0,0,0,0,0,0,0,0,0,27,0,0,0,0,0,0,0,0,0,0,0,0,0,0,0,0,0,0,0,0,0,0,0,0,0,0,0,0,0,0,0,0,0,0,0,0,0,0,0,0,0,0,0,0,0,0,0,0,0,0,0,0,0,34,0,0,0,0,0,0,0,0,0,0,0,0,0,0,0,0,0,0,0,0,0,0,0,0,0,0,0,0,0,0,0,0,0,24,0,0,46,0,0,0,0,0,0,0,18,0,0,0,0,0,0,0,0,0,0,0,0,0,0,0,0,0,0,0,0,0,0,0,0,0,0,0,0,0,0,0,0,0,0,0,0,0,0,0,0,0,0,0,0,0,0,0,0,0,0,0,0,0,0,0,0,0,0,0,0,0,0,0,0,0,0,0,0,0,0,0,0,0,0,0,0,0,0,0,0,0,0,0,0,0,0,0,0,0,0,0,0,0,0,0,0,0,0,0,0,0,0,0,0,0,0,0,0,0,0,0,0,0,0,0,0,0,0,33,0,49,0,0,0,0,0,21,43,0,0,0,0,33,0,44,0
1356868800,0,0,0,0,0,0,0,0,0,0,0,0,0,0,20,15,21,0,0,0,30,0,28,21,27,0,0,0,0,0,0,0,0,0,0,21,0,0,0,0,0,0,0,0,0,0,0,0,0,0,0,0,0,0,0,0,0,42,0,0,0,0,0,0,0,0,0,0,0,0,0,0,0,0,0,0,0,0,0,0,0,0,0,0,0,0,0,0,0,0,0,0,0,0,0,0,0,0,0,0,0,0,25,0,0,0,0,0,0,0,0,0,0,0,0,0,0,0,0,0,0,0,0,0,0,0,0,0,0,0,0,0,0,0,0,0,0,0,0,0,0,42,0,41,0,0,0,0,0,0,0,0,0,0,0,0,0,0,0,0,0,0,0,0,0,0,0,0,0,0,0,25,0,0,0,0,0,0,0,0,0,0,28,0,0,0,50,0,0,0,0,0,0,0,0,0,0,0,0,0,0,0,0,0,0,0,0,0,0,0,0,0,0,0,0,0,0,0,0,0,0,0,0,0,0,0,0,0,0,0,0,0,0,0,0,0,0,0,0,0,0,0,0,37,0,0,29,34,44,30,0,0,0,0,44,19,34,25
1356868800,0,0,0,0,0,0,0,0,0,0,0,0,0,0,0,17,0,29,0,0,0,0,29,24,36,0,0,0,0,0,0,0,0,0,0,0,0,0,0,0,0,0,0,0,0,0,0,0,0,0,0,0,0,0,0,0,0,0,0,0,0,0,0,0,0,0,0,0,0,0,0,0,0,0,0,0,0,0,0,0,0,0,0,0,0,0,0,0,0,0,0,0,0,0,0,0,0,19,0,0,2,0,0,0,0,0,0,0,0,0,0,0,0,0,0,0,0,0,0,0,0,0,0,0,0,0,0,0,0,0,0,0,0,0,0,0,0,0,0,0,0,0,0,0,0,0,0,0,0,0,0,0,0,0,0,0,0,0,0,0,0,0,0,0,0,0,0,37,0,0,0,0,0,0,0,0,0,0,0,0,0,0,0,0,0,0,0,0,0,0,0,0,0,0,0,0,0,0,0,0,0,0,0,0,0,0,0,0,0,0,0,0,0,0,0,0,0,0,0,0,0,0,0,0,0,0,0,0,0,0,0,0,0,0,0,0,0,0,11,25,35,17,0,0,29,15,33,11,22,18,0,0,0,0,46,17,40,38
1356868800,0,0,0,0,0,0,0,0,0,0,0,0,0,0,24,0,0,0,0,0,0,34,30,0,0,0,0,0,0,0,0,0,0,0,0,0,0,0,0,0,0,0,0,0,0,0,0,0,0,0,0,0,0,0,0,0,0,0,0,0,0,0,0,0,0,0,0,0,0,0,0,0,0,0,0,0,0,0,0,0,0,0,0,0,0,0,0,0,0,0,0,0,0,0,0,0,0,28,0,0,0,0,0,0,0,0,0,0,0,0,0,0,0,0,0,0,0,0,0,0,0,0,0,0,0,0,0,0,0,0,0,0,0,0,0,0,0,18,0,0,0,0,0,0,0,0,0,0,0,0,0,0,0,0,0,0,0,0,0,0,0,0,0,0,0,0,0,0,0,0,0,0,0,0,0,0,0,0,0,0,0,0,0,0,0,0,0,0,0,0,0,0,0,0,0,0,0,0,0,0,0,0,0,0,0,0,0,0,0,0,0,0,0,0,0,0,0,0,0,0,0,0,0,0,0,0,0,0,0,0,0,0,0,0,0,0,0,0,32,0,0,0,0,35,0,0,0,0,0,0,39,0,0,0,0,0,0,0
1356868800,0,0,0,0,0,0,0,0,0,0,0,0,0,0,0,0,0,16,21,28,43,21,31,0,40,0,0,0,0,0,0,0,0,0,0,0,0,0,0,0,0,0,0,0,0,0,0,0,0,0,0,0,0,0,0,0,0,0,0,0,0,0,0,0,0,0,0,0,0,0,0,0,0,0,0,0,0,0,0,0,0,0,0,0,0,0,0,0,0,0,0,0,0,0,0,0,0,0,0,0,0,0,0,0,0,0,0,0,0,0,0,0,0,0,0,0,0,0,0,0,0,0,0,0,0,0,0,0,0,0,0,0,0,0,0,0,0,0,0,0,0,0,0,0,0,0,0,0,0,0,0,0,0,0,0,0,0,0,0,0,0,0,0,0,0,0,0,0,0,0,0,0,0,0,0,0,0,0,0,0,0,0,0,0,0,0,0,0,0,0,0,0,0,0,0,0,0,0,0,0,0,0,0,0,0,0,0,0,0,0,0,0,0,0,0,0,0,0,0,0,0,0,0,0,0,0,0,0,0,0,0,0,0,0,0,0,0,0,0,0,0,0,0,0,0,0,0,0,0,0,5,13,11,21,14,0,0,35
1356868800,0,0,0,0,0,0,0,0,24,0,0,0,0,0,17,20,0,20,42,38,29,17,32,0,18,0,0,0,0,0,0,0,0,0,0,24,0,0,0,0,0,0,0,0,0,0,0,0,0,0,0,0,0,0,0,0,0,0,0,0,0,0,0,0,0,0,0,0,0,0,0,0,0,0,0,0,0,0,0,0,0,0,0,0,0,0,0,0,0,0,0,0,0,0,0,0,0,0,0,0,0,0,0,0,0,0,0,0,0,0,0,0,0,24,39,0,0,0,0,0,0,0,0,0,0,0,0,0,0,0,0,29,0,23,0,0,26,0,0,0,0,0,0,0,0,0,0,0,0,0,0,0,0,0,0,0,0,0,6,0,0,0,0,0,0,0,0,0,0,26,0,0,0,0,0,0,0,0,0,0,0,0,0,0,0,0,0,0,0,0,0,0,0,0,0,0,0,0,0,0,0,0,0,0,0,0,0,0,0,0,0,0,0,0,0,0,0,0,0,0,0,0,0,0,0,0,0,0,0,0,0,0,0,0,0,0,0,0,19,20,8,9,35,29,47,14,24,23,0,16,37,41,30,19,11,32,33,15
1356868800,0,0,0,0,0,0,0,0,0,0,0,0,0,0,26,0,0,32,17,24,35,20,33,0,46,0,0,0,0,0,0,0,0,0,0,0,0,0,33,0,0,0,0,0,0,0,0,0,0,0,0,0,0,0,0,0,0,0,0,0,0,0,0,0,0,0,0,0,0,0,0,0,0,0,0,0,0,0,0,0,0,0,0,0,0,0,0,0,0,0,0,0,0,0,0,0,0,0,0,0,0,0,0,0,0,0,0,0,0,0,0,0,0,0,0,0,0,0,0,0,0,0,0,0,0,0,0,0,0,0,0,0,0,0,0,0,0,0,0,0,0,0,0,0,0,0,0,0,0,0,0,0,0,0,0,0,0,0,0,0,0,0,0,0,0,0,0,0,0,0,0,0,0,0,0,0,0,0,0,0,0,0,0,0,0,0,0,0,0,0,0,0,0,0,0,0,0,0,0,0,0,0,0,0,0,0,0,0,0,0,0,0,0,0,0,0,0,0,0,0,0,0,0,0,0,0,0,0,0,0,0,0,0,0,0,0,0,0,0,0,0,0,0,0,0,0,0,0,0,0,3,11,9,18,16,25,0,0
1356868800,0,0,0,0,0,0,0,0,31,0,0,0,0,0,38,38,26,0,0,41,36,18,34,0,20,0,0,0,0,0,0,0,0,0,0,0,0,0,0,0,0,0,0,0,0,0,0,0,0,0,0,0,0,0,0,0,0,0,0,0,0,0,0,0,0,0,0,0,0,0,0,0,0,0,0,0,0,0,0,0,0,0,0,0,0,0,0,0,0,0,0,0,0,0,0,0,0,0,0,0,0,0,0,0,0,0,0,0,0,0,46,0,0,40,0,0,0,0,0,0,0,0,0,0,0,0,0,0,0,0,0,26,0,0,0,0,0,0,0,42,0,0,0,0,0,0,0,0,0,0,0,0,0,0,0,0,0,0,0,0,0,0,0,0,0,0,18,0,0,0,0,0,0,0,0,0,0,0,0,0,0,0,0,0,0,0,0,0,0,0,0,0,0,0,0,0,0,0,0,0,0,0,0,0,0,0,0,0,0,0,0,0,0,0,0,0,0,0,0,0,0,0,0,0,0,0,0,0,0,0,0,0,0,0,0,0,0,0,45,26,11,14,28,0,32,17,21,28,0,13,35,0,34,31,20,26,0,24
1356868800,0,0,0,0,0,0,0,0,0,0,0,0,0,0,27,18,0,0,0,44,41,48,35,16,34,0,0,0,0,0,0,0,0,0,0,0,0,0,0,0,0,0,0,0,0,0,0,0,0,0,0,0,0,0,0,0,0,0,0,0,0,0,0,0,0,0,0,0,0,0,0,0,0,0,0,0,0,0,0,0,0,0,0,0,0,0,0,0,0,0,0,0,0,0,0,0,0,0,0,0,32,0,0,0,0,0,0,0,0,0,0,0,0,0,0,0,0,0,0,0,0,23,0,0,0,0,0,0,0,0,0,0,0,0,0,0,0,0,0,0,0,0,0,0,0,0,0,0,0,0,0,0,0,0,0,0,0,0,0,0,0,0,0,0,0,0,0,0,0,0,0,0,0,0,0,0,0,0,0,0,0,0,0,0,0,0,0,0,0,0,0,0,0,0,0,0,0,0,0,0,0,0,0,0,0,0,0,0,0,0,0,0,0,0,0,0,0,0,0,0,0,0,0,0,0,0,0,0,0,0,0,0,0,0,0,0,0,0,47,48,17,0,0,0,0,50,0,19,14,0,40,0,0,24,31,24,22,0
1356868800,0,0,0,0,0,0,0,0,0,0,0,0,0,0,11,24,23,43,0,47,48,32,36,23,31,0,0,0,0,0,0,0,0,0,0,37,0,0,0,0,0,0,0,0,0,0,0,0,0,0,0,0,0,0,0,0,0,0,0,0,0,0,0,0,0,0,0,0,0,0,0,0,0,0,0,0,0,0,0,0,0,0,0,0,0,0,0,0,0,0,0,0,0,0,0,0,0,0,0,0,0,0,0,0,0,0,0,0,0,0,0,0,0,0,0,0,0,0,0,0,0,0,29,0,0,0,0,24,0,0,0,0,0,0,0,0,0,0,0,0,0,0,0,0,0,0,0,0,0,0,0,0,0,0,0,0,0,0,0,0,0,0,0,0,0,0,0,0,0,0,0,0,0,0,0,0,0,0,0,0,0,0,0,0,0,0,0,0,0,0,0,0,0,0,0,0,0,0,0,0,0,0,0,0,0,0,0,0,0,0,0,0,0,0,0,0,0,0,0,0,0,0,0,0,0,0,0,0,0,0,0,0,0,0,0,0,0,0,17,42,27,19,0,50,0,25,37,17,28,19,45,0,0,39,0,14,45,43
1356868800,0,0,0,0,0,0,39,0,25,0,0,0,0,0,18,30,0,27,31,37,25,19,37,0,21,0,0,0,0,0,0,0,0,0,0,47,0,0,0,0,0,0,0,0,0,0,0,0,0,0,0,0,0,0,0,0,0,0,0,0,0,0,0,0,0,0,0,0,0,0,0,0,0,0,0,0,0,0,0,0,0,0,0,0,0,0,0,0,0,0,0,0,0,0,0,0,0,0,0,0,0,0,0,0,0,0,0,0,0,0,37,0,0,44,0,0,0,0,0,0,0,0,0,0,0,0,0,0,0,0,12,18,0,22,0,0,0,49,0,0,0,0,0,0,0,0,0,0,0,0,0,0,0,0,0,0,0,0,36,0,0,0,0,0,0,0,0,0,0,0,0,0,0,0,0,0,0,0,0,0,0,0,0,0,0,0,0,0,0,0,0,0,0,0,0,0,0,0,0,0,0,0,0,0,0,0,0,0,0,0,0,0,0,0,0,0,0,0,0,0,0,0,0,0,0,0,0,0,0,0,0,0,0,0,0,0,0,0,18,21,16,11,40,28,31,22,13,22,46,22,44,50,21,35,19,0,26,19
1356868800,0,0,0,0,0,0,0,0,0,0,0,0,0,0,34,0,27,36,26,20,38,23,38,0,33,0,0,0,0,0,0,0,0,0,0,41,0,0,0,0,0,0,0,0,0,0,0,0,0,0,0,0,0,0,0,0,0,0,0,0,0,0,0,0,0,0,0,0,0,0,0,0,0,0,0,0,0,0,0,0,0,0,48,0,0,0,0,0,0,0,0,0,0,0,0,42,0,0,0,0,0,0,0,0,0,0,0,0,0,0,0,0,0,0,0,0,0,0,0,0,0,0,0,47,0,0,0,0,0,0,0,0,0,38,0,0,0,0,0,0,0,0,0,0,0,0,0,0,0,0,0,0,0,0,0,0,0,0,0,0,0,0,0,0,0,0,0,0,0,0,0,0,0,0,0,0,0,0,0,0,0,0,0,0,0,0,0,0,0,0,0,0,0,0,0,0,0,0,0,0,0,0,0,0,0,0,0,0,0,0,0,0,0,0,0,0,0,0,0,0,0,0,0,0,0,0,0,0,0,0,0,0,0,0,0,0,0,0,0,0,0,0,0,0,0,0,0,0,0,0,22,12,32,15,47,41,39,20
1356868800,0,0,0,0,0,0,0,0,0,0,0,0,0,0,0,0,0,0,0,0,0,0,39,0,0,0,0,0,0,0,0,0,0,0,0,0,0,0,0,0,0,0,0,0,0,0,0,0,0,0,0,0,0,0,0,0,0,0,0,0,0,0,0,0,0,0,0,0,0,0,0,0,0,0,0,0,0,0,0,0,0,0,0,0,0,0,0,0,0,0,0,0,0,0,0,0,0,0,0,0,0,0,0,50,0,0,0,0,0,0,0,0,0,0,0,0,0,0,0,0,0,0,0,0,0,0,0,0,0,0,0,0,0,0,0,0,0,0,0,0,0,0,0,0,0,0,0,0,0,0,0,0,0,0,0,0,0,0,0,0,0,0,0,0,0,0,0,23,0,0,0,0,0,0,0,0,0,0,0,0,0,0,0,0,0,0,0,0,0,0,0,0,0,0,0,0,0,0,0,0,0,0,0,0,0,0,0,0,0,0,0,0,0,0,0,0,0,0,0,0,0,0,0,0,0,0,0,0,0,0,0,0,0,0,0,0,0,0,0,0,0,0,0,0,0,0,0,0,0,0,0,0,0,0,0,0,0,0
1356868800,0,0,0,0,0,0,0,0,0,0,0,0,0,0,16,31,0,0,0,0,0,0,40,12,39,0,0,0,0,0,0,0,0,0,0,0,0,0,0,0,0,0,0,0,0,0,0,0,0,0,0,0,0,0,0,0,0,0,0,0,0,0,0,0,0,0,0,0,0,0,0,0,0,0,0,0,0,0,0,0,0,0,0,0,0,0,0,0,0,0,0,0,0,0,0,0,0,0,0,0,0,0,0,0,0,0,0,0,0,0,0,0,0,0,0,0,0,0,0,0,0,0,0,0,0,0,0,0,0,0,0,0,0,0,0,0,0,0,0,0,0,0,0,0,0,0,0,0,0,0,0,0,0,0,0,0,0,0,0,0,0,0,0,0,0,0,0,0,0,0,0,0,0,0,0,0,0,0,0,0,0,0,0,0,0,0,0,0,0,0,0,0,0,0,0,0,0,0,0,0,0,0,0,0,0,0,0,0,0,0,0,0,0,0,0,0,0,0,0,0,0,0,0,0,0,0,0,0,0,0,0,0,0,0,0,0,0,0,0,0,0,32,0,27,0,0,0,46,31,31,0,0,43,22,45,22,0,47
1356868800,0,0,0,0,0,0,0,0,0,0,0,0,0,0,0,0,12,33,0,22,31,36,41,0,0,48,0,0,45,0,0,27,0,0,0,0,0,0,0,29,0,0,0,0,0,0,0,0,0,0,0,0,0,0,0,0,0,0,0,0,0,0,0,0,0,0,0,0,0,0,0,0,40,9,0,0,0,0,0,33,0,0,0,0,0,0,0,0,0,0,0,0,0,0,0,0,0,0,0,0,0,0,0,0,0,0,12,20,35,42,0,0,0,0,0,0,0,0,0,0,0,0,0,0,0,0,0,0,0,0,0,0,0,0,0,0,0,0,0,0,0,0,0,0,0,0,0,0,0,0,0,0,0,0,0,0,0,0,42,0,0,0,0,0,0,0,0,0,0,0,0,0,0,0,27,22,35,26,12,18,22,18,48,32,42,0,25,0,14,22,16,21,0,50,33,0,31,0,0,0,0,20,19,32,0,0,32,0,40,0,11,28,0,48,28,42,22,0,0,21,47,0,41,36,0,32,0,22,0,0,0,0,38,0,0,0,0,38,0,0,0,0,0,0,0,0,28,0,0,0,0,0,0,0,0,0,41,29
1356868800,0,0,0,0,0,0,0,0,0,0,0,0,0,0,0,0,36,23,25,21,18,35,42,0,32,35,0,0,27,0,0,15,0,36,0,0,38,0,0,0,0,0,0,0,0,0,0,0,0,0,0,0,0,0,0,0,0,0,0,0,0,0,0,0,0,0,0,0,0,0,0,0,0,0,0,0,0,0,0,0,0,0,0,0,0,0,0,0,0,0,0,0,0,0,0,0,0,0,0,0,0,0,0,0,0,0,0,0,0,0,0,0,0,0,0,0,0,0,0,0,0,0,0,0,0,0,0,0,0,0,0,0,0,0,0,0,0,0,0,0,0,0,0,0,0,0,0,0,0,0,0,0,0,0,0,0,0,0,0,0,0,0,0,0,0,0,0,0,0,0,0,0,0,0,0,0,0,0,0,0,0,0,0,0,0,0,0,0,0,0,0,0,0,0,0,0,0,0,0,0,0,0,0,0,0,0,0,0,0,0,0,0,0,0,0,0,0,0,0,0,0,0,0,0,0,0,0,0,0,0,0,0,0,0,0,0,0,0,0,0,0,0,0,0,0,0,0,31,0,0,0,0,0,0,0,43,17,32
1356868800,0,0,28,0,0,0,0,0,0,0,0,0,0,0,0,0,37,0,0,0,0,0,43,31,0,0,0,0,0,0,0,0,40,0,0,20,0,0,0,0,0,0,0,34,0,0,0,0,0,0,0,0,0,0,0,0,0,0,0,0,0,0,0,2,0,0,0,0,0,0,0,0,0,0,0,0,0,0,0,0,0,0,0,0,0,0,0,0,0,0,0,0,0,0,0,0,0,0,0,0,0,36,40,0,0,0,0,0,0,0,0,0,0,0,0,0,0,0,0,0,0,27,0,0,0,0,0,0,0,0,0,0,0,0,0,34,11,0,0,40,28,0,20,13,0,0,0,32,43,0,0,0,0,0,0,0,0,0,0,0,0,0,0,0,0,0,0,0,0,0,0,0,0,0,0,0,0,0,0,0,0,0,0,0,0,0,0,0,0,0,38,0,0,0,0,18,0,0,0,0,0,39,0,0,0,0,0,0,0,0,0,0,0,0,0,0,0,0,0,0,0,0,0,0,0,0,0,0,0,0,0,0,0,19,0,0,19,0,33,0,39,0,46,33,0,0,0,0,0,47,0,0,0,0,0,0,47,0
1356868800,0,0,0,0,0,0,0,0,0,0,0,0,0,0,0,0,0,0,0,0,0,0,44,49,0,0,0,0,0,0,0,0,0,0,0,0,0,0,0,0,28,0,0,0,0,0,0,0,0,0,0,0,0,0,0,0,0,0,0,0,0,0,0,0,0,0,0,0,40,0,0,0,0,0,0,33,0,0,0,0,0,0,0,0,0,0,0,0,0,0,0,0,0,0,0,0,0,0,0,0,0,0,0,0,0,0,0,0,0,0,0,0,0,0,0,0,0,0,0,0,0,0,0,0,0,0,0,0,0,48,0,0,0,0,46,0,0,0,0,0,0,0,0,0,0,0,0,0,0,0,0,0,0,0,0,0,0,0,37,0,0,0,0,0,0,0,0,0,0,0,0,0,0,0,0,0,0,0,0,0,0,37,0,0,10,0,0,0,0,0,25,39,0,17,0,0,0,0,0,0,0,0,0,0,0,0,0,0,0,0,0,0,0,0,0,0,0,0,0,0,0,0,0,0,0,0,0,0,0,0,0,0,48,24,0,0,0,0,46,0,0,33,0,0,0,0,41,0,50,0,0,0,0,0,0,48,0,0
1356868800,0,0,0,0,0,0,0,0,0,0,0,0,0,0,0,45,0,40,45,32,0,30,45,0,44,0,0,0,0,0,0,0,0,0,0,0,0,0,0,0,0,0,0,0,0,0,0,0,0,0,0,0,0,0,0,0,0,0,0,0,0,0,0,0,0,0,0,0,0,0,0,0,0,0,0,0,0,0,0,0,0,0,0,0,0,0,0,0,0,0,0,0,0,0,0,0,0,0,0,0,0,0,0,0,0,0,0,0,0,0,0,0,27,0,0,0,0,0,0,0,0,0,0,2,0,0,0,0,0,0,0,0,0,0,0,0,0,0,0,0,0,0,0,0,0,0,0,0,0,0,0,0,0,0,0,0,0,0,0,0,0,0,0,0,0,0,0,0,0,0,0,0,0,0,0,0,0,0,0,0,0,0,0,0,0,0,0,0,0,0,0,0,0,0,0,0,0,0,0,0,0,0,0,0,0,0,0,0,0,0,0,0,0,0,0,0,0,0,0,0,0,0,0,0,0,0,0,0,0,0,0,0,0,0,0,0,0,0,0,0,0,0,0,0,0,0,0,0,0,0,29,19,25,34,0,36,0,26
1356868800,0,0,0,0,0,0,0,0,0,44,0,0,0,0,0,0,28,38,0,0,0,0,46,0,0,0,0,0,0,0,0,46,26,0,0,0,0,0,0,0,0,0,0,0,0,0,0,0,41,0,0,0,0,0,0,0,0,0,0,0,0,0,0,0,0,0,0,0,0,0,0,0,0,0,0,0,0,0,0,0,0,0,0,0,0,0,0,0,0,0,0,0,0,0,0,0,0,0,0,0,0,0,0,0,0,0,0,0,0,0,0,0,0,0,0,0,0,0,0,0,0,0,0,0,0,0,0,0,0,0,0,0,0,0,0,0,0,0,0,0,0,0,0,0,0,0,0,0,0,0,0,0,0,0,0,0,0,0,0,0,0,0,0,0,0,30,0,39,0,35,0,0,0,0,0,0,0,0,0,0,0,0,0,0,0,0,0,0,0,0,0,0,23,0,0,0,44,0,0,0,0,0,0,0,0,0,0,30,0,0,0,0,48,24,46,0,0,0,0,40,0,0,9,0,0,0,0,41,45,0,0,0,0,6,0,0,16,0,0,0,0,0,0,0,0,0,34,0,0,0,0,0,0,0,0,29,27,45
1356868800,0,0,0,0,0,0,0,0,0,0,0,0,0,0,0,0,30,0,0,0,0,0,47,0,0,0,0,0,0,0,0,0,34,0,0,0,0,0,0,0,0,0,0,0,0,0,0,0,0,0,0,0,0,0,0,0,0,0,0,0,0,0,0,0,0,0,0,0,0,0,0,0,0,0,0,41,0,0,0,31,0,0,14,0,0,0,0,0,0,0,0,0,0,0,0,0,0,0,0,0,0,25,0,0,0,0,0,0,0,0,0,0,0,0,0,0,0,0,0,0,0,0,0,0,0,0,0,0,0,0,0,0,0,0,0,0,0,0,28,0,0,0,0,0,0,0,0,0,0,0,0,0,0,0,0,0,0,0,0,0,0,0,0,0,0,0,0,0,0,16,0,0,0,0,0,0,0,0,0,0,0,0,0,0,0,0,0,0,0,0,0,0,0,47,0,0,0,0,0,0,0,0,0,0,0,0,0,0,0,0,0,0,0,0,0,0,0,0,0,0,0,0,0,0,0,0,0,0,0,0,0,0,0,0,0,0,0,0,0,0,0,0,0,0,0,0,0,50,0,34,0,0,0,0,0,0,0,0
1356868800,0,0,0,0,0,0,0,0,0,0,0,0,0,0,43,35,39,0,0,0,0,0,48,0,0,0,0,0,0,0,0,0,0,0,0,0,0,0,0,0,0,0,0,0,0,0,0,0,0,0,0,0,0,0,0,0,0,0,0,0,0,0,0,0,0,0,0,0,0,0,0,0,0,0,0,0,0,0,0,0,0,0,0,0,0,0,0,0,0,0,0,0,0,0,0,0,0,0,0,0,0,0,0,0,0,0,0,0,0,0,0,0,0,0,0,0,0,0,0,0,0,32,0,0,0,0,0,0,0,0,0,0,0,0,0,0,0,0,0,0,0,0,0,0,0,0,0,0,0,0,0,0,0,0,0,0,0,0,0,0,0,0,0,0,0,0,0,0,0,0,0,0,0,0,0,0,0,0,0,0,0,0,0,0,0,0,0,0,0,0,0,0,0,0,0,0,0,0,0,0,0,0,0,0,0,0,0,0,0,0,0,0,0,0,0,0,0,0,0,0,0,0,0,0,0,0,0,0,0,0,0,0,0,0,0,0,0,0,25,0,14,24,0,0,0,0,0,0,42,0,0,0,0,46,0,15,25,0
1356868800,14,8,10,0,0,18,0,0,0,0,49,0,0,0,0,0,0,0,0,0,0,0,49,0,0,5,0,2,5,0,3,13,0,6,50,17,0,0,0,0,0,0,0,0,29,0,0,0,0,0,3,8,0,11,0,0,0,39,0,16,0,0,0,0,0,0,0,23,0,0,0,0,6,0,0,18,7,0,0,0,10,0,0,0,0,0,0,0,0,0,0,0,0,0,0,19,0,6,0,4,26,43,0,0,0,4,5,0,0,0,0,0,0,0,46,0,0,0,0,0,0,0,8,0,0,0,0,0,48,0,0,0,0,0,0,0,0,0,0,0,37,0,0,0,14,29,0,35,0,41,0,41,0,33,0,47,0,0,0,0,0,0,0,0,0,37,0,0,0,0,0,0,0,0,10,23,0,7,21,3,23,36,12,16,0,0,17,0,26,21,11,29,41,0,24,0,0,20,0,20,16,8,16,7,21,23,2,33,33,4,16,11,11,20,11,8,0,0,0,31,22,14,0,5,19,8,0,0,24,14,35,22,17,37,7,5,0,4,0,0,0,0,0,0,0,0,0,0,0,0,0,0,0,0,0,0,0,0
1356868800,0,0,0,0,0,0,0,0,0,0,0,0,0,0,0,22,44,0,0,0,0,0,50,37,50,0,0,0,0,0,0,0,0,0,0,0,0,0,0,0,0,0,0,27,0,0,0,0,0,0,49,0,0,0,0,0,0,0,0,0,0,0,0,0,0,0,0,0,0,0,0,0,0,0,0,0,0,0,0,0,0,0,0,0,0,0,0,0,0,0,0,0,0,0,0,0,0,30,0,0,0,0,0,0,0,0,0,0,0,0,0,0,0,0,0,0,0,0,0,0,0,0,0,0,0,0,0,0,0,40,0,0,0,0,34,0,0,0,0,0,0,0,0,44,0,0,0,0,0,0,0,0,0,0,0,0,0,0,0,0,0,0,0,0,0,0,0,0,0,0,0,0,0,0,0,0,0,0,0,0,0,0,0,0,0,0,0,0,0,0,0,0,0,0,0,0,0,0,0,0,0,0,0,0,0,0,0,0,0,0,0,0,0,0,0,0,0,0,0,0,0,0,0,0,0,0,0,0,0,0,0,0,0,0,0,0,0,0,10,31,50,21,0,24,0,23,15,0,0,0,0,0,0,0,0,0,0,0
