1356868800,19,15,5,1,43,3,0,14,14,6,5,0,0,0,2,2,1,1,1,1,1,1,1,1,1,16,0,15,47,0,0,24,39,13,3,4,0,0,3,3,1,0,1,3,1,1,9,4,1,3,22,7,2,6,7,12,9,18,33,5,10,0,3,1,1,0,1,3,3,12,1,0,4,5,0,0,1,5,0,0,0,0,1,0,0,0,0,0,0,0,0,0,0,0,0,0,0,4,0,0,4,37,0,2,2,19,2,2,2,1,6,0,0,2,3,0,0,0,38,0,0,28,12,45,0,26,0,0,20,13,0,22,0,0,22,35,1,0,2,1,1,1,2,1,3,2,0,1,1,8,13,2,3,8,2,7,1,0,22,3,4,0,0,3,0,26,2,1,1,1,0,1,0,0,2,46,3,16,7,13,2,13,7,3,19,0,2,0,3,3,7,5,22,16,15,48,0,39,9,10,12,23,4,31,34,9,0,0,4,43,8,4,5,19,22,10,13,0,12,26,10,0,0,17,48,10,0,0,33,0,15,21,0,0,22,0,40,11,0,0,0,0,0,0,0,0,0,0,13,2,30,19,1,3,4,5,6,1
1356868800,50,18,0,0,0,0,38,0,7,0,31,0,0,0,4,7,4,7,13,7,3,4,5,6,6,18,13,23,24,0,0,0,0,0,0,7,0,0,0,0,0,0,0,18,31,24,0,0,7,0,43,29,7,10,0,20,23,20,0,38,0,0,0,0,0,0,0,0,0,0,0,0,31,15,0,3,18,42,0,0,0,0,0,0,0,0,0,0,0,0,0,0,0,0,0,1,0,42,0,0,0,0,0,0,0,49,37,0,0,0,4,0,14,5,5,0,0,0,0,0,0,0,0,10,0,0,0,0,41,11,21,5,0,11,16,0,2,37,44,19,0,0,39,0,0,15,0,0,0,0,0,0,0,0,0,0,0,0,10,0,0,0,0,0,0,0,31,0,3,7,0,0,0,0,36,0,33,48,0,0,18,0,31,12,49,0,20,0,24,28,6,0,44,0,0,15,0,0,0,0,0,0,0,0,8,0,0,16,43,0,0,0,0,41,0,21,48,0,0,0,0,0,0,20,0,0,0,0,0,0,29,0,0,10,0,46,38,43,17,0,0,0,0,0,27,0,0,0,0,0,21,27,7,0,0,34,19,0
1356868800,0,0,0,24,6,0,17,44,15,0,0,0,0,0,0,0,0,0,0,0,0,0,0,0,0,0,0,0,19,0,11,9,0,2,0,0,0,0,0,0,15,0,36,0,41,23,0,0,0,0,0,0,47,33,38,0,0,0,0,0,0,0,0,0,0,0,25,0,0,0,0,0,34,0,8,10,0,0,0,0,8,0,0,0,0,0,0,0,0,0,0,0,0,0,0,0,0,0,0,0,0,38,0,0,0,44,19,0,1,2,48,0,0,0,27,0,0,0,0,0,0,0,0,0,0,0,0,0,0,19,0,24,0,0,19,9,3,35,0,0,0,0,25,0,0,0,0,9,25,18,2,6,2,14,24,1,0,0,19,0,14,0,0,0,0,0,0,0,0,0,0,0,0,0,0,50,11,37,14,0,0,12,0,10,0,0,22,0,48,0,29,11,5,28,10,1,6,15,48,8,15,7,10,15,13,26,50,5,7,20,0,23,25,12,4,14,12,0,4,7,20,0,2,0,0,26,0,8,8,9,0,8,3,16,11,13,5,25,0,0,0,0,0,0,0,0,0,0,0,0,14,0,0,10,8,12,25,0
1356868800,0,0,34,4,0,40,0,45,0,29,0,0,0,0,0,0,0,0,0,0,0,0,0,0,0,0,0,0,0,0,0,0,0,0,0,0,0,0,0,0,0,0,0,0,2,5,39,0,15,9,0,6,11,5,21,0,26,11,1,11,21,0,28,9,12,0,2,25,12,0,12,0,28,0,0,0,0,0,0,0,0,0,0,0,0,0,0,0,0,0,0,0,0,0,0,0,0,0,0,0,0,0,0,0,23,0,40,8,5,5,0,0,0,0,0,0,0,0,0,0,0,0,0,0,0,0,0,0,0,0,0,0,0,0,0,0,4,0,7,5,2,11,6,48,0,8,0,5,7,2,5,3,7,3,1,10,0,0,0,25,6,0,0,0,0,0,0,0,0,0,0,0,0,0,12,19,0,22,22,45,17,26,14,20,44,24,13,0,9,12,0,40,12,0,0,0,0,0,0,34,0,0,38,0,0,0,0,0,37,0,0,48,27,47,37,0,0,0,36,0,0,0,0,0,0,0,0,0,0,0,0,40,35,0,0,0,0,0,0,0,0,0,0,0,15,0,8,6,6,7,22,0,40,17,0,23,0,0
1356868800,7,16,9,0,0,32,0,7,0,0,10,0,0,0,41,46,11,17,11,12,11,42,22,0,24,17,6,40,20,6,28,0,0,0,0,0,0,0,7,5,4,0,5,2,5,8,34,2,34,5,0,0,5,20,14,2,22,6,0,13,2,0,38,6,0,0,20,37,14,19,9,0,7,3,0,28,2,12,0,0,0,0,19,0,0,0,0,0,0,0,0,0,35,0,0,25,0,12,0,3,13,9,0,25,11,27,7,7,6,3,0,0,0,21,9,0,0,0,0,0,0,42,0,0,0,0,0,0,0,0,0,0,0,0,0,4,5,1,1,2,4,2,1,8,0,1,0,4,2,20,7,12,28,16,11,13,5,0,4,6,10,0,0,23,0,45,33,0,20,5,0,0,0,0,3,13,17,12,3,4,1,2,2,6,4,0,3,0,2,5,5,2,9,1,18,0,0,0,19,15,9,9,5,18,18,18,30,10,9,31,5,5,2,0,10,7,7,0,5,8,7,19,39,9,4,13,0,10,10,0,40,9,7,5,0,39,6,6,0,0,0,0,0,0,0,0,0,0,0,0,6,5,3,8,45,7,0,42
1356868800,0,0,0,0,0,0,0,0,8,0,0,0,0,0,9,10,16,11,20,16,13,8,7,0,10,0,0,0,0,0,0,0,0,0,0,10,0,0,0,0,0,0,0,0,0,0,0,0,0,0,0,0,0,0,0,0,0,0,0,0,0,0,0,0,0,0,0,0,0,0,0,0,0,0,0,0,0,0,0,37,0,0,0,0,0,0,0,0,0,0,0,0,0,0,0,0,0,44,0,0,0,0,0,0,0,0,0,0,0,0,17,0,8,8,15,0,0,0,0,0,0,0,0,0,0,49,0,0,0,15,25,8,0,17,12,0,6,0,0,45,0,0,0,0,0,0,0,0,0,0,0,0,0,0,0,0,0,0,0,0,0,0,0,0,0,0,0,0,9,21,0,14,0,0,0,0,0,0,0,0,0,0,0,0,0,0,0,0,0,0,0,0,25,0,0,0,0,0,0,0,0,0,0,0,11,0,0,0,0,0,0,0,0,0,0,0,0,0,0,0,0,0,0,48,0,0,0,0,0,0,30,0,0,0,0,0,36,0,0,0,36,0,0,0,0,0,0,0,0,0,0,0,27,0,0,0,0,0
1356868800,29,31,30,15,28,0,0,36,0,0,0,0,0,0,12,12,17,8,10,15,6,11,16,30,9,27,0,0,0,11,42,49,0,0,6,33,0,4,1,2,2,0,7,35,0,20,0,0,8,0,0,0,33,39,48,16,24,0,0,0,0,0,0,14,36,0,14,0,27,41,29,0,17,2,0,40,19,8,0,0,0,0,3,0,0,0,0,0,0,0,0,0,15,0,0,0,0,0,0,0,0,0,6,15,0,12,22,4,23,18,0,0,0,0,0,0,0,0,43,0,0,39,0,0,0,0,0,0,0,0,0,0,0,0,0,33,7,9,4,7,7,3,7,0,0,10,0,10,4,43,28,31,25,7,0,38,0,0,8,0,11,0,0,0,0,0,0,0,0,25,0,0,0,0,26,33,9,27,13,19,7,48,25,24,8,22,7,5,11,8,22,3,29,0,9,0,47,0,22,14,23,16,12,24,40,29,0,0,12,23,14,9,17,31,12,17,16,0,7,18,13,17,40,27,0,20,0,15,14,11,18,13,29,0,40,0,20,5,0,0,0,0,0,0,0,0,0,0,9,0,25,0,20,11,10,6,23,5
1356868800,0,0,0,0,0,0,0,0,19,0,0,0,0,0,7,8,7,3,8,2,7,7,6,5,5,0,0,0,22,0,0,0,0,47,0,8,0,0,0,30,45,0,0,0,0,28,0,0,0,0,24,23,19,0,0,0,0,31,0,0,0,0,0,0,0,0,0,0,0,0,0,0,44,0,0,0,0,0,0,0,0,0,0,0,0,0,0,0,0,0,0,0,0,0,0,27,0,0,0,6,0,0,0,37,0,0,23,0,0,0,16,0,31,22,22,0,0,0,0,0,0,0,0,9,0,25,0,0,0,30,10,10,0,2,28,0,8,0,0,0,0,0,0,0,0,0,0,0,17,16,40,16,40,50,27,19,0,0,0,0,0,0,0,0,0,0,0,8,19,4,0,0,0,0,0,0,0,0,45,0,33,0,0,42,0,0,0,0,0,0,47,0,26,0,0,0,0,0,0,0,0,0,0,0,0,0,0,0,0,0,0,0,0,0,45,0,0,0,0,0,0,0,0,0,0,0,0,0,0,0,0,0,0,0,0,0,0,0,0,0,0,0,0,0,0,0,0,0,17,0,0,2,29,24,3,21,0,0
1356868800,46,27,0,0,0,17,0,48,1,5,13,0,0,0,1,3,2,2,4,4,2,2,3,3,2,23,0,21,6,14,0,0,37,48,0,1,0,0,0,19,19,0,0,11,26,6,17,0,11,0,30,24,36,7,40,15,39,16,0,37,0,0,0,0,40,0,33,17,0,0,36,0,50,41,0,17,3,6,0,12,0,0,0,0,0,0,0,0,0,0,0,0,0,0,0,13,0,5,0,33,0,1,0,0,0,5,3,32,0,43,3,0,0,3,4,0,0,0,27,0,40,0,0,41,0,0,28,0,47,2,13,1,0,3,2,0,9,5,0,17,25,0,24,19,0,17,0,36,15,24,48,47,37,32,25,30,0,0,0,15,29,0,0,18,0,0,3,0,2,3,0,5,0,0,39,0,12,0,31,0,12,35,43,17,24,37,19,0,28,34,17,0,20,0,0,0,0,0,0,0,0,33,48,0,5,32,0,18,25,0,23,0,0,0,43,23,36,0,21,0,43,0,0,26,0,0,0,0,0,0,9,0,36,0,0,0,11,0,10,36,0,0,35,0,0,0,0,0,16,0,0,41,0,26,0,26,48,34
1356868800,0,0,0,0,0,0,0,0,11,0,0,0,0,0,8,11,15,13,24,11,17,10,12,36,11,0,0,0,0,0,0,0,0,0,0,14,0,0,0,0,0,0,0,0,0,0,0,0,0,0,0,0,16,0,0,34,0,0,0,0,0,0,0,0,0,0,0,0,0,0,0,0,0,0,0,42,0,0,0,0,0,0,0,0,0,0,0,0,0,0,0,0,0,0,0,31,0,0,0,50,0,0,0,39,0,43,49,0,0,0,11,0,11,18,17,0,0,0,0,0,0,0,37,0,0,0,0,0,0,20,9,12,0,8,29,0,10,0,0,37,0,0,0,0,0,0,0,0,0,0,0,0,0,38,0,0,0,0,0,0,0,0,0,0,0,0,5,0,21,18,0,0,0,0,0,0,45,0,0,0,44,0,0,0,0,0,0,0,0,0,0,0,32,0,0,0,0,0,0,0,0,0,0,0,10,0,0,0,0,0,0,0,0,0,0,0,45,0,0,0,0,0,0,40,0,0,0,0,0,0,46,0,0,22,0,0,37,0,0,0,0,0,0,0,0,0,0,0,0,0,0,0,0,0,0,0,0,0
1356868800,0,0,28,0,0,0,0,0,0,0,0,0,0,0,0,0,37,0,0,0,0,0,43,31,0,0,0,0,0,0,0,0,40,0,0,20,0,0,0,0,0,0,0,34,0,0,0,0,0,0,0,0,0,0,0,0,0,0,0,0,0,0,0,2,0,0,0,0,0,0,0,0,0,0,0,0,0,0,0,0,0,0,0,0,0,0,0,0,0,0,0,0,0,0,0,0,0,0,0,0,0,36,40,0,0,0,0,0,0,0,0,0,0,0,0,0,0,0,0,0,0,27,0,0,0,0,0,0,0,0,0,0,0,0,0,34,11,0,0,40,28,0,20,13,0,0,0,32,43,0,0,0,0,0,0,0,0,0,0,0,0,0,0,0,0,0,0,0,0,0,0,0,0,0,0,0,0,0,0,0,0,0,0,0,0,0,0,0,0,0,38,0,0,0,0,18,0,0,0,0,0,39,0,0,0,0,0,0,0,0,0,0,0,0,0,0,0,0,0,0,0,0,0,0,0,0,0,0,0,0,0,0,0,19,0,0,19,0,0,0,0,41,0,0,38,0,17,0,0,12,4,0,0,0,0,20,2,29
1356868800,18,33,22,5,11,1,22,4,0,0,25,0,0,0,0,0,0,0,0,0,0,0,0,0,0,15,7,19,3,2,0,4,20,7,9,0,0,0,0,0,0,0,0,38,0,43,0,0,0,0,0,0,49,0,0,0,0,0,25,0,0,0,1,0,4,0,3,10,6,3,11,0,15,23,0,1,38,10,0,0,0,0,0,0,0,0,0,0,0,0,0,0,0,0,0,0,0,0,0,0,0,13,0,0,29,10,11,5,19,4,0,0,34,0,28,0,0,0,0,0,6,0,0,0,0,0,0,0,0,0,0,0,0,0,0,0,12,0,23,4,19,8,15,18,0,12,0,0,45,11,6,10,16,30,15,4,0,0,0,18,13,0,0,9,0,0,0,0,0,0,0,0,0,0,22,7,4,11,6,24,11,5,17,2,3,0,18,0,5,6,18,7,35,0,17,25,20,4,16,6,18,10,8,13,45,24,21,14,32,25,10,17,32,22,9,26,5,0,8,4,5,8,0,14,0,7,0,7,12,7,20,6,8,45,36,37,21,19,0,0,0,0,0,38,4,10,6,11,7,0,2,1,12,13,6,3,8,31
1356868800,0,0,0,0,0,0,0,0,4,27,0,0,0,0,3,1,6,4,3,3,4,3,2,4,3,49,45,32,15,22,37,0,0,0,0,3,0,0,0,0,30,0,0,14,0,0,0,8,28,0,45,0,39,31,0,0,0,21,0,0,0,0,0,0,0,0,0,0,0,0,0,0,0,0,0,0,13,19,0,0,0,0,0,0,0,0,0,0,0,0,0,0,0,0,0,0,0,0,0,7,0,26,26,0,0,0,0,0,0,0,2,0,5,4,2,0,0,0,0,0,0,0,0,0,0,0,0,0,0,4,1,3,0,6,3,0,13,0,0,22,0,0,0,0,0,36,0,0,30,0,0,0,0,0,0,0,0,0,12,0,0,0,0,0,0,0,6,0,4,2,0,8,0,0,0,0,26,0,0,0,50,0,0,0,0,0,0,0,40,0,0,0,33,0,0,0,0,0,0,0,0,0,0,0,3,0,0,44,45,0,0,0,0,0,0,0,26,0,0,0,0,0,0,30,0,0,0,0,0,0,17,0,0,0,0,0,41,0,18,0,0,0,0,0,0,0,0,0,0,0,47,13,17,22,20,14,10,0
1356868800,0,0,0,0,0,0,0,0,36,0,0,0,0,0,32,19,33,35,35,36,37,29,18,0,25,0,0,0,0,0,0,0,0,0,0,0,0,0,0,0,0,0,0,0,0,0,0,0,0,0,0,0,0,0,0,0,0,0,0,0,0,0,0,0,0,0,0,0,0,0,0,0,0,0,0,0,0,0,0,0,0,0,0,0,0,0,0,0,0,0,0,0,0,0,0,0,0,0,0,0,0,45,0,0,0,0,0,0,0,0,0,0,0,33,43,0,0,0,0,0,0,0,0,16,0,0,0,0,0,45,0,25,0,20,50,0,14,0,0,0,0,0,0,0,0,0,0,0,0,0,0,0,0,0,0,0,0,0,24,0,0,0,0,0,0,0,13,0,34,14,0,20,0,0,0,0,0,0,0,0,0,0,0,0,0,0,0,0,0,0,0,0,0,0,0,0,0,0,0,0,0,0,0,0,22,0,0,0,0,0,0,0,0,0,0,0,0,0,0,0,0,0,0,0,0,0,0,0,0,0,7,0,0,0,0,0,48,0,0,0,0,0,0,0,0,0,0,0,0,0,0,0,0,0,0,0,0,0
1356868800,11,4,11,0,41,0,0,0,0,36,0,0,0,0,10,26,20,14,9,17,9,27,21,27,14,9,0,46,0,21,41,20,22,39,0,0,0,0,25,1,5,0,4,23,25,47,0,0,12,0,0,0,0,44,0,0,0,0,0,0,0,0,0,0,0,0,47,0,0,0,25,0,10,7,0,0,0,26,0,0,0,0,0,0,0,45,0,0,0,0,0,0,0,0,44,0,0,0,0,0,0,0,0,24,0,8,14,12,14,16,0,0,0,0,0,0,0,0,0,0,0,0,0,0,0,0,0,0,0,0,0,0,0,0,0,0,15,0,3,14,14,6,14,6,0,7,0,34,14,0,41,0,0,35,23,49,0,0,0,0,32,0,0,6,0,49,0,0,0,0,0,0,0,0,8,4,24,10,5,15,3,7,10,7,2,46,5,0,6,4,4,20,0,15,43,0,0,35,0,24,0,0,22,37,42,4,0,46,24,0,12,20,22,0,42,31,29,0,27,27,0,0,22,12,0,19,0,21,0,0,0,0,28,0,47,0,25,14,0,0,0,0,0,41,0,0,15,3,5,10,28,8,2,7,21,0,13,13
1356868800,1,1,1,0,2,5,7,27,0,8,14,6,0,0,0,0,0,0,0,0,0,0,0,0,0,6,2,7,4,3,6,3,8,3,2,0,0,0,0,0,9,0,16,5,40,22,0,15,0,44,0,0,10,0,19,0,5,44,0,46,0,0,8,0,3,0,8,4,1,4,3,0,3,4,0,2,9,2,0,0,0,0,0,0,0,0,0,0,0,0,0,0,0,0,0,0,0,9,0,0,0,0,0,13,25,1,1,1,21,19,0,0,0,0,36,0,0,0,0,0,10,0,0,0,0,0,0,0,50,0,0,0,0,0,0,19,16,0,12,13,13,10,8,2,0,6,0,23,8,17,24,8,13,0,14,3,12,1,14,9,2,0,0,7,0,0,0,0,0,46,0,0,0,0,15,5,6,14,2,10,6,10,23,4,16,8,14,0,7,9,34,12,2,3,2,40,5,5,8,2,2,4,2,5,16,12,7,12,3,10,2,6,7,2,6,9,3,0,6,6,8,5,4,4,0,4,0,12,15,2,2,4,4,0,10,4,9,8,0,0,6,12,0,40,0,0,0,0,38,0,0,35,30,16,31,30,1,26
1356868800,28,36,14,0,0,31,21,10,0,4,15,14,0,0,0,14,19,37,28,34,23,0,0,26,23,11,0,27,32,26,10,35,0,50,38,11,0,0,4,25,3,0,3,10,3,25,26,10,18,6,10,31,3,8,8,35,44,12,0,7,36,0,17,0,15,0,5,8,8,27,4,0,13,22,10,8,6,25,29,40,0,0,0,0,25,34,0,3,0,41,14,0,39,0,34,0,0,18,0,0,0,18,2,0,27,31,20,41,16,21,0,0,0,0,0,0,0,0,0,0,0,0,0,0,0,0,0,0,0,0,0,0,0,0,0,46,17,0,8,12,6,4,3,0,0,3,0,12,3,0,0,29,0,0,20,44,0,0,15,12,0,0,0,5,0,14,0,0,0,40,0,0,0,0,4,3,8,8,4,7,8,1,6,27,6,19,6,32,4,2,1,13,0,9,36,0,11,0,41,19,28,12,17,11,0,22,22,13,14,22,26,12,14,5,0,18,14,0,0,25,28,7,15,18,0,15,0,13,0,27,12,35,10,21,26,49,4,20,1,3,2,1,8,8,1,27,5,2,4,9,1,0,5,35,24,0,7,10
1356868800,0,0,0,0,0,0,0,0,0,0,0,0,0,0,0,0,0,0,0,0,0,0,0,0,0,0,0,0,0,0,0,0,0,0,0,0,0,0,0,0,0,0,0,0,0,19,0,0,0,0,0,0,0,0,0,0,0,0,0,0,0,0,0,0,0,0,0,0,35,0,34,0,0,0,0,0,0,0,0,0,0,0,0,0,0,0,0,0,0,0,0,0,0,0,0,0,0,0,0,0,0,0,0,0,0,0,0,0,37,34,0,0,0,0,0,0,0,0,0,0,0,0,0,0,0,0,0,0,0,0,0,0,0,0,0,0,18,0,17,0,46,34,32,0,0,0,0,0,0,40,39,39,35,19,35,0,41,0,35,0,0,0,0,0,0,0,0,0,0,0,0,0,0,0,0,0,25,0,0,0,0,0,0,0,0,0,0,0,45,0,0,33,0,0,0,0,0,0,0,0,0,0,0,0,0,0,0,0,36,0,0,0,37,0,0,0,0,0,0,0,0,0,0,0,0,0,0,0,0,0,0,0,37,0,0,0,0,0,0,0,0,0,0,0,0,0,0,0,0,0,45,0,0,0,0,0,0,0
1356868800,0,0,0,0,0,0,0,0,0,0,0,0,0,0,0,0,0,0,0,0,0,0,0,0,0,0,0,0,7,0,15,7,0,5,44,0,0,0,34,0,8,0,9,0,0,0,0,0,0,0,0,0,0,0,0,0,0,0,0,0,0,0,0,0,0,0,0,0,34,0,0,0,0,0,0,13,0,31,0,0,0,0,0,0,0,0,0,0,0,0,0,0,0,0,0,28,0,0,0,0,0,10,0,0,0,0,0,31,43,0,0,0,0,0,0,0,0,0,0,0,0,0,0,0,28,0,0,0,0,0,0,0,0,0,0,0,19,0,47,0,0,30,0,0,0,0,0,0,0,0,30,45,41,0,0,29,0,0,0,0,0,0,0,0,0,0,0,0,0,19,0,0,0,0,0,0,39,0,0,0,0,0,0,23,0,0,0,0,0,0,0,4,3,11,3,29,3,16,25,4,3,5,9,12,7,3,0,2,2,30,22,13,8,3,2,13,4,0,16,10,12,11,3,19,0,14,0,1,3,5,26,3,5,15,12,17,2,15,0,0,0,0,0,0,0,0,0,0,0,0,0,0,0,0,33,17,24,0
1356868800,0,0,0,0,50,0,1,26,2,14,35,0,0,0,5,6,8,6,19,8,8,5,10,20,7,0,0,0,0,0,0,0,0,0,0,9,0,0,0,50,0,0,0,49,0,30,0,0,0,0,0,0,0,0,0,0,0,0,0,0,0,0,24,0,42,0,11,31,11,0,19,0,0,0,0,0,31,0,0,0,0,0,0,0,0,0,0,0,0,0,0,0,0,0,0,16,0,0,0,0,0,0,0,27,0,13,44,0,0,0,1,0,9,1,1,0,0,0,0,0,0,0,0,0,0,0,0,0,0,6,4,2,0,0,15,0,20,25,0,28,0,0,0,0,0,0,0,0,0,0,0,0,0,0,0,0,0,0,0,37,0,0,0,0,0,0,0,0,7,6,0,0,0,0,0,0,0,0,0,0,0,0,0,0,0,0,0,0,0,0,0,0,0,0,0,0,0,0,0,0,0,0,0,0,27,0,0,0,0,0,0,0,0,0,0,0,0,0,0,0,0,0,0,0,0,0,0,0,0,0,0,0,0,0,0,0,43,0,0,0,0,29,0,0,0,0,0,0,0,0,0,0,0,0,0,0,0,46
1356868800,39,38,17,17,24,50,0,0,0,0,16,0,0,0,0,0,0,0,0,0,0,0,0,0,0,0,0,0,0,0,0,0,0,0,0,0,0,0,0,0,0,0,28,0,20,4,0,0,0,49,0,0,0,29,0,0,0,0,0,0,0,0,0,39,10,0,22,0,16,0,10,0,23,17,0,0,0,0,0,0,0,0,0,0,0,0,0,0,0,0,0,0,0,0,0,0,0,0,0,0,0,0,0,0,24,6,4,9,4,6,0,0,0,0,0,0,0,0,0,0,0,0,0,0,0,0,0,0,0,0,0,0,0,0,0,0,21,0,6,0,26,13,12,0,0,45,0,30,13,1,1,1,1,6,4,2,35,0,0,0,7,0,0,0,0,0,14,0,0,0,0,0,0,0,25,25,14,32,26,41,9,27,0,9,34,39,11,0,8,7,15,17,0,37,0,0,0,0,0,25,0,42,42,0,0,0,16,0,22,0,0,29,16,0,33,0,0,0,48,0,0,0,0,0,0,0,0,0,0,0,0,15,0,0,0,0,49,0,0,0,0,0,0,0,0,0,0,0,12,25,0,0,9,0,5,49,0,11
1356868800,12,10,18,0,0,9,0,0,0,0,8,27,0,0,0,0,0,0,0,0,0,0,0,0,0,0,0,17,0,0,29,29,0,42,0,0,0,0,0,0,0,0,0,29,0,0,0,42,0,0,0,0,0,0,0,0,13,0,0,44,33,0,11,0,8,0,27,2,20,6,15,0,45,24,0,48,12,7,16,18,0,0,0,0,0,0,0,0,0,0,0,0,0,0,0,0,0,33,0,15,7,7,4,29,19,0,35,0,0,0,31,0,35,11,11,0,0,0,24,41,33,0,11,0,0,0,46,13,2,0,0,0,0,0,0,16,22,44,19,16,12,0,17,0,0,0,0,7,9,0,0,0,0,0,39,0,10,0,21,2,5,0,0,0,0,0,0,28,0,0,0,0,0,0,20,0,0,43,0,14,15,11,19,0,36,0,28,0,43,50,39,0,0,0,0,0,0,0,0,0,0,0,50,0,0,0,0,0,50,0,0,0,0,0,0,0,0,0,0,0,0,0,0,0,0,0,0,0,0,0,0,0,0,0,0,0,0,0,0,0,0,0,4,4,5,29,31,0,0,0,0,0,0,0,0,0,0,0
1356868800,0,0,0,0,0,0,0,0,0,0,0,42,0,0,0,0,0,44,0,0,0,0,0,0,0,0,0,0,0,0,0,0,0,0,0,0,0,0,0,0,0,0,0,37,0,0,0,0,0,34,0,0,0,0,0,0,0,0,0,0,0,0,0,0,0,0,0,0,0,0,0,0,0,0,0,0,0,50,0,0,0,0,0,0,0,0,0,0,0,0,0,0,0,0,0,0,0,0,0,0,0,0,0,0,0,0,0,0,0,0,0,0,0,0,0,0,0,0,0,0,27,0,0,0,0,0,23,0,0,0,0,0,0,0,0,0,23,0,0,0,0,0,0,4,0,0,0,40,0,0,0,0,0,0,0,0,0,0,0,0,0,0,0,37,0,0,0,0,0,0,0,0,0,0,0,0,0,0,0,0,0,0,0,0,41,0,0,0,0,0,0,0,0,0,0,0,0,0,0,0,0,0,0,0,0,0,0,0,0,0,0,0,0,0,0,0,0,0,0,0,0,0,0,0,0,0,0,0,0,0,0,0,0,0,0,0,0,0,5,43,0,11,0,0,0,33,0,14,35,34,0,29,25,0,0,25,0,0
1356868800,0,0,0,0,0,0,0,0,10,0,0,0,0,0,6,5,5,5,5,9,5,9,4,7,4,0,0,0,0,0,0,0,0,0,0,6,15,0,0,0,0,0,0,46,0,38,0,0,22,0,0,0,44,27,0,0,0,0,0,0,0,0,0,0,0,0,0,0,0,24,0,0,0,32,0,0,23,34,0,0,0,0,0,0,0,0,0,0,0,0,0,0,0,0,0,0,0,0,0,0,0,0,0,10,0,0,47,0,0,46,10,0,26,6,10,0,0,0,42,0,0,0,0,0,0,0,0,0,0,10,2,4,0,10,14,0,24,7,0,20,0,47,0,0,0,19,0,0,0,0,37,0,0,0,0,0,0,0,0,0,0,0,0,0,0,0,0,0,12,28,0,30,0,0,0,0,49,0,0,0,28,0,0,0,0,0,0,0,47,0,0,0,24,0,0,0,0,0,0,0,0,0,0,0,15,0,0,0,0,0,0,0,0,0,0,0,50,0,38,0,0,0,0,31,0,0,0,0,0,0,5,0,0,0,0,0,32,0,0,10,0,0,0,0,48,0,0,0,0,0,0,0,26,45,0,0,15,0
1356868800,0,0,0,0,0,0,0,0,0,2,0,0,0,0,0,0,0,0,0,0,0,0,0,0,0,0,0,0,0,0,0,0,0,0,0,0,0,0,0,0,0,0,0,0,0,0,0,18,0,0,0,0,6,0,0,0,0,0,0,49,0,0,0,0,0,0,0,0,0,0,0,0,0,0,0,0,0,0,0,0,0,0,0,0,0,0,0,0,0,0,0,0,0,0,0,0,0,0,0,0,0,0,0,0,0,0,0,0,0,0,0,0,0,0,0,0,0,0,0,0,0,0,0,0,0,0,0,0,0,0,0,0,0,0,0,0,25,0,0,0,0,0,49,0,0,0,0,0,0,45,0,0,0,0,0,0,0,0,0,0,0,0,0,0,0,0,0,0,0,0,0,0,0,0,0,0,0,0,0,0,0,0,0,0,0,0,0,0,0,0,0,0,0,0,0,0,0,0,0,0,0,0,0,0,0,0,0,0,0,0,0,0,0,0,0,0,0,0,0,0,0,0,0,0,0,0,0,0,0,0,0,0,0,0,0,0,0,0,0,0,0,0,0,0,0,0,0,0,0,0,0,0,0,0,0,0,0,0
1356868800,0,0,0,0,0,0,0,0,24,0,0,0,0,0,17,20,0,20,42,38,29,17,32,0,18,0,0,0,0,0,0,0,0,0,0,24,0,0,0,0,0,0,0,0,0,0,0,0,0,0,0,0,0,0,0,0,0,0,0,0,0,0,0,0,0,0,0,0,0,0,0,0,0,0,0,0,0,0,0,0,0,0,0,0,0,0,0,0,0,0,0,0,0,0,0,0,0,0,0,0,0,0,0,0,0,0,0,0,0,0,0,0,0,24,39,0,0,0,0,0,0,0,0,0,0,0,0,0,0,0,0,29,0,23,0,0,26,0,0,0,0,0,0,0,0,0,0,0,0,0,0,0,0,0,0,0,0,0,6,0,0,0,0,0,0,0,0,0,0,26,0,0,0,0,0,0,0,0,0,0,0,0,0,0,0,0,0,0,0,0,0,0,0,0,0,0,0,0,0,0,0,0,0,0,0,0,0,0,0,0,0,0,0,0,0,0,0,0,0,0,0,0,0,0,0,0,0,0,0,0,0,0,0,0,0,0,0,0,0,0,0,0,0,0,0,0,0,0,0,0,0,0,0,46,0,0,0,0
1356868800,0,0,0,0,0,0,0,0,0,0,0,0,0,0,0,0,0,0,0,0,0,0,0,0,0,0,0,0,0,0,0,0,0,0,0,0,0,0,0,0,0,0,0,0,0,0,0,0,0,0,0,0,0,0,0,0,0,0,0,0,0,0,0,0,0,0,0,0,0,0,0,0,0,0,0,0,0,0,0,0,0,0,0,0,0,0,0,0,0,0,0,0,0,0,0,0,0,0,0,0,0,0,0,0,0,0,0,0,0,0,0,0,0,0,0,0,0,0,0,0,0,0,0,0,0,0,0,0,0,0,0,0,0,0,0,0,27,0,0,0,0,0,0,0,0,0,0,38,0,47,0,44,0,0,47,34,0,0,0,0,0,0,0,0,0,0,0,0,0,0,0,0,0,0,0,0,0,0,0,0,0,0,0,0,0,0,0,0,0,0,0,0,0,0,0,0,0,0,0,0,0,0,0,0,0,0,0,0,0,0,0,0,0,0,0,0,0,0,0,0,0,0,0,0,0,0,0,0,0,0,0,0,0,0,0,0,0,0,7,11,12,0,47,18,31,0,11,7,0,0,0,0,0,0,0,0,0,0
1356868800,0,0,0,0,0,0,0,0,0,0,0,0,0,0,0,0,0,0,0,0,0,0,0,0,0,0,0,0,0,0,0,0,0,0,0,0,0,0,0,0,0,0,0,0,0,0,0,0,0,0,0,0,0,0,0,0,0,0,0,0,0,0,0,0,0,0,0,0,0,0,0,0,0,0,0,0,0,0,0,0,0,0,0,0,0,0,0,0,0,0,0,0,0,0,0,0,0,0,0,0,0,0,0,0,0,0,0,0,0,0,0,0,0,0,0,0,0,0,0,0,0,0,0,0,0,0,0,0,0,0,0,0,0,0,0,0,28,0,0,0,0,0,0,0,0,0,0,0,0,0,0,0,0,0,0,0,0,0,0,0,0,0,0,0,0,0,0,0,0,0,0,0,0,0,0,0,0,0,0,0,0,0,0,0,0,0,0,0,0,0,0,0,0,0,0,0,0,0,0,0,0,0,0,0,0,0,0,0,0,0,0,0,0,0,0,0,0,0,0,0,0,0,0,0,0,0,0,0,0,0,0,0,0,0,0,0,0,0,0,0,0,0,0,0,0,0,0,0,0,0,0,0,0,0,0,0,0,0
1356868800,0,0,0,0,0,0,0,0,0,0,0,0,0,0,31,39,14,21,12,19,16,16,26,32,29,0,0,0,0,0,0,0,0,0,0,22,0,0,0,16,0,30,0,44,0,0,0,0,0,29,0,0,25,0,0,0,0,0,0,0,0,0,0,0,0,0,0,0,0,0,0,0,0,0,0,0,0,0,0,0,0,0,0,0,0,0,0,0,0,0,0,0,0,0,0,0,0,0,0,0,0,0,0,0,0,0,0,0,0,0,0,0,0,0,0,0,0,0,0,0,0,0,0,0,0,0,0,0,0,0,0,0,0,0,0,0,29,0,0,0,0,0,0,0,0,0,0,0,0,0,0,0,0,0,0,0,34,0,0,0,0,0,0,20,0,0,0,2,0,0,0,0,0,0,0,0,0,0,0,0,0,0,0,0,0,0,0,0,0,0,0,0,0,0,0,0,0,0,0,0,0,0,0,0,0,0,0,0,0,0,0,0,0,0,0,0,0,0,0,0,0,0,0,0,0,0,0,0,0,0,0,0,0,0,0,0,0,0,14,50,20,0,0,0,0,0,0,0,47,0,0,0,0,0,0,0,0,40
1356868800,0,0,0,0,0,0,0,0,0,0,0,0,0,0,0,0,0,0,0,0,0,0,0,0,0,0,0,0,0,0,0,0,0,0,37,0,0,0,0,0,0,0,0,0,0,0,0,48,0,0,0,0,0,0,0,0,0,0,0,0,0,0,0,0,32,0,0,49,0,29,0,0,0,0,0,0,0,0,22,8,0,0,0,0,0,0,0,0,0,0,0,0,0,0,0,0,0,0,0,0,0,50,0,0,0,0,0,0,0,0,50,0,39,50,0,0,0,0,40,0,0,0,0,46,0,0,0,0,0,0,0,0,0,0,0,0,30,0,0,0,0,0,0,0,0,0,0,0,0,0,0,0,0,0,0,0,32,0,0,0,0,0,0,0,0,0,0,46,0,0,0,0,0,0,0,0,0,0,0,0,0,0,0,0,0,0,0,0,0,0,0,0,0,0,0,0,0,0,0,0,0,0,0,0,0,0,0,0,0,0,0,0,0,0,0,0,0,0,0,0,0,0,0,0,0,0,0,0,0,0,0,0,0,0,0,0,0,0,0,0,0,0,0,0,0,0,0,0,0,0,0,0,0,0,0,0,0,0
1356868800,6,5,16,9,3,2,0,5,32,32,2,8,0,0,0,0,0,0,0,45,0,0,0,0,0,13,41,10,0,33,34,19,0,12,0,0,0,0,0,0,0,0,49,26,15,15,50,0,0,0,27,0,21,48,35,17,3,0,0,14,32,0,2,0,2,0,7,1,2,1,5,0,12,6,0,24,8,43,33,10,0,0,28,0,0,0,0,0,0,0,0,0,0,0,0,0,0,0,0,0,1,5,45,19,8,37,25,23,0,25,15,0,20,7,6,0,0,0,9,20,16,4,35,39,0,0,0,1,5,21,11,0,0,0,21,3,31,30,9,3,3,22,9,16,0,26,0,2,5,0,0,32,24,0,5,0,0,24,0,1,1,0,0,8,0,0,0,27,29,11,0,0,0,0,7,14,0,17,19,6,21,6,11,22,5,0,12,0,17,20,19,32,4,0,0,0,48,0,0,11,46,48,13,14,0,27,0,36,48,19,32,25,31,43,0,16,25,0,49,43,0,0,0,42,0,42,0,0,0,0,0,0,0,0,23,36,29,0,0,15,0,0,1,1,3,32,28,38,43,14,33,0,0,9,0,0,4,3
1356868800,0,0,0,0,0,0,0,0,0,0,0,0,0,0,0,0,0,0,0,0,0,0,0,0,0,0,0,0,0,0,0,0,0,0,0,0,0,0,0,0,0,0,0,0,0,0,0,0,0,0,0,0,0,0,0,0,0,0,0,0,0,0,0,0,0,0,0,0,0,0,0,0,0,0,0,0,0,0,0,0,0,0,0,0,0,0,0,0,0,0,0,0,0,0,0,0,0,0,0,0,0,0,0,0,0,0,0,0,0,0,0,0,0,0,0,0,0,0,0,0,0,0,0,0,0,0,0,0,0,0,0,0,0,0,0,0,32,0,0,0,0,0,0,0,0,0,0,0,0,0,0,0,0,0,0,0,0,0,0,0,0,0,0,0,0,0,0,0,0,0,0,0,0,0,0,0,0,0,0,0,0,0,0,0,0,0,0,0,0,0,0,0,0,0,0,0,0,0,0,0,0,0,0,0,0,0,0,0,0,0,0,0,0,0,0,0,0,0,0,0,0,0,0,0,0,0,0,0,0,0,0,0,0,0,0,0,0,0,0,0,0,0,0,0,0,0,0,0,0,0,0,0,0,0,0,0,0,0
1356868800,0,0,0,0,0,0,0,0,49,0,0,0,0,0,0,0,0,0,0,0,0,0,0,47,0,0,0,0,0,0,0,0,0,21,0,0,0,0,0,0,0,0,0,12,34,16,7,0,21,16,12,37,12,9,0,47,0,23,0,9,25,0,0,0,0,0,0,0,0,21,0,0,46,43,0,25,0,21,0,0,0,0,0,0,0,0,0,0,0,0,0,0,0,0,0,39,0,49,0,0,0,0,0,18,0,0,36,0,13,14,0,0,0,0,0,0,0,0,0,0,0,0,0,0,0,0,0,0,0,32,0,9,0,21,27,0,33,14,11,27,5,5,4,10,0,4,0,15,11,14,21,27,27,0,17,8,24,0,7,0,0,0,0,11,0,0,0,0,0,22,0,0,0,0,16,12,0,38,40,0,38,0,0,31,32,0,26,0,0,44,21,22,0,29,0,0,9,14,28,0,35,28,21,27,0,41,38,0,20,34,0,32,15,29,0,0,33,0,0,0,0,24,17,0,0,40,0,0,0,15,0,24,23,11,15,0,12,24,9,1,1,4,2,25,12,35,4,9,1,1,15,22,6,2,13,2,18,0
1356868800,0,0,0,0,0,0,0,0,0,0,0,0,0,0,0,0,0,0,0,0,0,0,0,0,0,0,0,0,0,0,0,0,0,0,0,0,0,0,0,0,0,0,0,0,0,0,0,0,0,0,0,0,0,0,0,0,0,0,0,0,0,0,0,0,0,0,0,0,0,0,0,0,0,0,0,0,0,0,0,0,0,0,0,0,0,0,0,0,0,0,0,0,0,0,0,0,0,0,0,0,0,0,0,0,0,0,0,0,0,0,0,0,0,0,0,0,0,0,0,0,0,0,0,0,0,0,0,0,0,0,0,0,0,0,0,0,34,0,0,0,0,0,0,0,0,0,0,0,0,0,0,0,0,0,0,0,0,0,0,0,0,0,0,0,0,0,0,0,0,0,0,31,0,0,0,0,0,0,0,0,0,0,0,0,0,0,0,0,0,0,0,0,0,0,0,0,0,0,0,0,0,0,0,0,0,0,0,0,0,0,0,0,0,0,0,0,0,0,0,0,0,0,0,0,0,0,0,0,0,0,0,0,0,0,0,0,0,0,0,0,0,0,0,0,0,0,0,0,0,0,0,0,0,0,0,0,0,0
1356868800,0,25,19,0,0,14,26,2,18,1,9,0,6,0,0,0,0,0,0,0,0,0,0,0,0,4,21,9,17,13,5,2,0,10,16,12,0,0,0,0,0,50,0,7,7,7,4,1,2,4,4,3,4,4,4,7,2,5,0,3,0,0,43,0,0,0,50,5,0,5,33,0,5,14,0,15,25,15,0,0,0,0,0,0,0,0,0,0,0,0,0,0,0,0,0,8,0,1,0,11,16,0,0,4,39,3,16,47,29,28,33,0,0,10,12,0,0,0,0,0,0,0,6,0,0,0,6,0,0,41,15,39,0,0,0,1,35,3,0,6,9,27,5,3,1,11,0,3,6,9,0,36,15,0,31,20,14,0,31,13,18,0,0,2,0,0,0,0,17,12,0,0,0,0,18,38,0,49,15,9,43,22,21,5,28,27,27,0,15,16,12,10,7,0,7,32,8,9,0,44,6,2,6,4,2,15,17,6,5,5,7,7,9,7,7,5,9,0,3,13,1,12,0,6,0,3,0,9,5,20,27,7,6,0,9,7,18,7,0,0,4,0,24,47,28,45,0,8,39,0,3,6,24,0,22,4,5,22
1356868800,5,26,15,11,14,7,20,0,0,42,34,0,7,0,0,0,0,0,0,0,0,0,0,0,0,2,1,3,1,1,2,1,1,1,1,0,0,0,16,10,10,0,8,45,33,0,0,0,17,40,0,0,45,0,0,0,7,0,35,0,0,0,10,0,19,0,4,27,18,8,27,0,1,1,0,4,0,3,27,0,0,0,0,0,0,0,0,0,0,0,0,0,0,0,0,36,0,0,0,0,28,0,0,0,0,45,15,3,0,0,0,0,0,0,0,0,0,0,37,0,0,0,0,0,0,0,0,0,0,0,0,0,0,0,0,21,36,0,32,0,0,12,45,0,0,0,0,0,26,0,0,22,47,0,34,14,0,0,2,5,37,0,0,0,0,32,0,0,27,20,0,0,0,0,1,1,1,1,1,1,4,3,1,1,1,1,1,0,1,1,3,1,1,4,1,17,1,2,2,1,1,1,1,1,1,1,1,1,1,1,1,1,1,1,1,1,1,0,1,1,2,2,1,1,43,1,0,2,1,1,1,1,1,2,1,1,1,1,0,0,0,0,0,0,0,0,0,0,0,0,46,30,38,1,0,1,0,12
1356868800,0,0,0,0,0,0,0,32,0,0,0,0,0,0,0,0,0,0,0,0,0,0,0,0,0,0,0,0,0,0,0,0,0,0,0,0,0,0,0,0,0,0,0,0,0,48,0,0,0,0,0,0,0,0,0,0,0,0,0,0,0,0,0,0,0,0,0,0,0,0,0,0,0,0,0,0,0,0,0,0,0,0,0,0,0,0,0,0,0,0,0,0,0,0,0,0,0,0,0,0,0,0,0,0,0,0,0,0,0,0,0,0,0,0,0,0,0,0,0,0,0,0,0,0,0,0,0,0,0,0,0,0,0,0,0,0,37,0,0,0,0,0,0,0,0,0,0,0,0,0,0,0,0,0,0,0,0,0,0,0,0,0,0,0,0,0,0,0,0,0,0,0,0,0,0,0,0,0,0,0,0,0,0,0,0,0,0,0,0,0,0,0,0,0,0,0,0,0,0,0,0,0,0,0,0,0,0,0,0,0,0,0,0,0,0,0,0,0,0,0,0,0,0,0,0,0,0,0,0,0,0,0,0,0,0,0,0,0,0,9,7,20,25,0,0,0,0,0,0,0,0,0,34,20,0,0,28,0
1356868800,0,0,0,0,0,0,0,0,0,0,0,0,0,0,0,0,0,0,0,0,0,0,0,0,0,0,0,0,0,0,0,0,0,0,0,0,0,0,0,0,0,0,0,0,0,0,0,0,0,0,0,0,0,0,0,0,0,0,0,0,0,0,0,0,0,0,0,0,0,0,0,0,0,0,0,0,0,0,0,0,0,0,0,0,0,0,0,0,0,0,0,0,0,0,0,0,0,0,0,0,0,0,0,0,0,0,0,0,0,0,0,0,0,0,0,0,0,0,0,0,0,0,0,0,0,0,0,0,0,0,0,0,0,0,0,0,38,0,0,0,0,0,0,0,0,0,0,0,0,0,0,0,0,0,0,0,0,0,0,0,0,0,0,0,0,0,0,0,0,0,0,0,0,0,0,0,0,0,0,0,0,0,0,0,0,0,0,0,0,0,0,0,0,0,0,0,0,0,0,0,0,0,0,0,0,0,0,0,0,0,0,0,0,0,0,0,0,0,0,0,0,0,0,0,0,0,0,0,0,0,0,0,0,0,0,0,0,0,0,0,0,0,0,0,0,0,0,0,0,0,0,0,0,0,0,45,0,0
1356868800,0,0,0,0,0,0,0,0,0,0,0,0,0,0,0,0,0,0,0,0,0,0,0,0,0,0,0,0,0,0,0,0,0,0,0,0,0,0,0,0,0,0,0,0,0,0,0,0,0,0,0,0,0,0,0,0,0,0,0,0,0,0,0,0,0,0,0,0,0,0,0,0,0,0,0,0,0,0,0,0,0,0,0,0,0,0,0,0,0,0,0,0,0,0,0,0,0,0,0,0,0,0,0,0,0,0,0,0,0,0,0,0,0,0,0,0,0,0,0,0,0,0,0,0,0,0,0,0,0,0,0,0,0,0,0,0,39,0,0,0,0,0,0,0,0,0,0,0,0,0,0,0,0,0,0,0,0,0,0,0,0,0,0,0,0,0,0,0,0,0,0,0,0,0,0,0,0,0,0,0,0,0,0,0,0,0,0,0,0,0,0,0,0,0,0,0,0,0,0,0,0,0,0,0,0,0,0,0,0,0,0,0,0,0,0,0,0,0,0,0,0,0,0,0,0,0,0,0,0,0,0,0,0,0,0,0,0,0,0,0,0,0,0,0,0,0,0,0,0,0,0,0,0,0,0,0,0,0
1356868800,0,0,0,0,0,0,0,0,0,0,0,0,0,0,0,0,0,0,0,0,0,0,0,0,0,0,0,0,0,0,0,0,0,0,0,0,0,0,0,0,0,0,0,0,0,0,0,0,0,0,0,0,0,0,0,0,0,0,0,0,0,0,0,0,0,0,0,0,0,0,0,0,0,0,0,0,0,0,0,0,0,0,0,0,0,0,0,0,0,0,0,0,0,0,0,0,0,0,0,0,0,0,0,0,0,0,0,0,0,0,0,0,0,0,0,0,0,0,0,0,0,0,0,0,0,0,0,0,0,0,0,0,0,0,0,0,40,0,0,0,0,0,0,0,0,0,0,0,0,0,0,0,0,0,0,0,0,0,0,0,0,0,0,0,0,0,0,0,0,0,0,0,0,0,0,0,0,0,0,0,0,0,0,0,0,0,0,0,0,0,0,0,0,0,0,0,0,0,0,0,0,0,0,0,0,0,0,0,0,0,0,0,0,0,0,0,0,0,0,0,0,0,0,0,0,0,0,0,0,0,0,0,0,0,0,0,0,0,0,42,0,0,0,0,0,0,0,0,0,0,0,0,0,0,0,0,0,0
1356868800,0,0,0,0,0,0,0,0,0,0,0,0,0,0,0,0,0,0,0,0,0,0,0,0,0,0,0,0,0,0,0,0,0,0,0,43,0,0,0,0,0,0,0,0,0,0,0,0,0,0,0,0,0,0,0,0,0,0,0,0,0,0,0,30,0,0,0,0,0,0,0,0,0,45,0,0,0,0,0,0,0,0,0,0,0,0,0,0,0,0,0,0,0,0,0,0,0,0,0,0,0,22,0,0,0,0,0,0,0,0,0,0,0,0,0,0,0,0,0,0,0,0,0,0,0,0,0,0,0,0,0,0,0,0,0,0,41,0,0,0,0,0,0,0,0,0,0,0,0,0,0,0,0,0,0,0,0,0,0,0,0,0,0,0,0,0,0,0,0,0,0,0,0,0,0,0,0,0,0,0,0,33,0,0,30,0,0,0,0,0,40,0,0,0,0,14,0,0,0,0,0,0,0,0,0,0,0,0,0,0,0,0,0,0,0,0,0,0,0,0,0,0,0,0,0,0,0,0,0,0,0,0,0,0,0,0,0,0,0,0,0,0,0,0,0,0,0,0,0,30,0,0,0,0,0,0,30,0
1356868800,0,0,0,0,0,48,0,0,0,0,37,0,0,0,0,0,0,0,0,0,0,0,0,0,0,0,0,0,0,0,0,0,0,0,0,0,0,0,0,0,0,0,0,0,0,0,0,0,0,0,0,0,0,0,43,0,0,0,0,0,0,0,14,0,38,0,0,9,31,0,38,0,0,0,0,0,0,0,0,7,0,0,0,0,0,0,0,0,0,0,0,0,0,0,0,0,0,0,0,0,0,0,0,0,46,0,0,0,0,0,0,0,0,34,38,0,0,0,0,0,0,0,3,0,0,0,0,0,21,0,0,0,0,0,0,0,42,0,0,10,30,0,0,0,0,0,0,39,20,0,0,0,0,0,40,0,0,0,0,10,38,0,0,0,0,0,0,0,0,0,0,0,0,0,0,0,0,0,0,0,0,0,0,0,0,0,0,0,0,0,0,0,0,0,0,0,0,0,0,0,0,0,0,0,0,0,0,0,0,0,0,0,0,0,0,0,0,0,0,0,0,0,0,0,0,0,0,0,0,0,0,0,0,0,0,0,0,0,0,0,0,0,13,11,10,0,0,0,0,0,0,0,0,0,0,0,0,0
1356868800,0,0,0,0,5,0,0,0,0,16,0,0,0,0,0,0,0,0,0,0,0,0,0,0,0,0,28,18,46,8,0,0,0,18,0,0,0,0,0,0,0,0,0,0,49,0,0,0,0,0,0,0,0,0,0,0,14,0,32,0,0,0,0,0,0,0,0,0,0,0,37,0,25,0,0,20,11,47,0,0,0,0,0,0,0,0,0,0,0,0,0,0,0,0,0,0,0,0,0,0,0,0,0,0,0,0,21,19,24,0,0,0,0,0,0,0,0,0,0,40,0,0,0,0,0,0,0,0,34,0,0,0,0,0,0,0,43,45,0,0,0,0,0,0,0,0,0,0,44,0,0,0,30,0,44,0,50,0,0,0,15,0,0,4,0,0,0,0,0,0,0,0,0,0,45,45,21,39,0,0,0,0,20,38,0,11,35,0,0,18,8,38,15,0,16,45,41,0,40,22,21,0,0,0,0,0,0,41,0,0,33,0,0,50,21,0,49,0,0,0,31,0,6,0,0,43,0,0,18,29,11,39,0,0,0,0,24,26,13,7,25,0,19,0,0,0,19,0,15,13,8,20,0,29,7,19,17,0
1356868800,0,0,0,0,0,0,0,0,0,0,0,0,0,0,0,0,0,0,0,0,0,0,0,0,0,0,0,0,0,0,0,0,0,0,0,0,0,0,0,0,0,0,0,0,0,0,0,0,0,0,0,0,0,0,0,0,0,0,0,0,0,0,0,0,0,0,0,0,0,0,0,0,0,0,0,0,0,0,0,0,0,0,0,0,0,0,0,0,0,0,0,0,0,0,0,0,0,0,0,0,0,34,0,0,0,0,0,0,0,0,0,0,0,0,0,0,0,0,0,0,0,0,0,0,0,0,0,0,0,0,0,0,0,0,0,0,44,0,0,0,0,0,0,0,0,0,0,0,0,0,0,0,0,0,0,0,0,0,0,0,0,0,0,0,0,0,0,0,0,0,0,0,0,0,0,0,0,0,0,0,0,0,0,0,0,0,0,0,0,0,0,0,0,0,0,0,0,0,0,0,0,0,0,0,0,0,0,0,0,0,0,0,0,0,0,0,0,0,0,0,0,0,0,0,0,0,0,0,0,0,0,0,0,0,0,0,0,0,0,0,0,0,0,0,0,0,0,0,0,0,0,0,0,0,0,0,0,0
1356868800,0,0,39,0,25,13,0,18,29,0,30,0,0,0,35,32,0,0,0,0,0,0,0,0,0,0,0,43,39,0,0,0,0,25,0,0,0,0,0,0,0,0,0,0,0,0,46,7,0,0,0,0,0,0,25,0,0,0,0,45,0,0,36,0,9,0,39,7,0,25,39,0,27,40,0,0,5,0,14,4,0,0,0,0,0,0,0,0,0,0,0,0,0,0,0,0,0,7,0,32,9,44,0,0,0,0,34,18,0,0,23,0,29,13,18,0,0,0,5,0,13,0,0,0,0,0,0,5,24,31,6,0,0,0,25,0,45,0,25,38,24,0,23,30,0,0,0,27,29,0,0,0,0,0,0,0,13,0,0,40,0,0,0,19,0,0,0,0,31,44,0,4,0,0,0,0,0,0,0,44,0,0,0,0,0,0,0,0,0,46,0,28,21,22,0,0,0,0,0,0,34,0,0,0,46,0,0,34,0,0,0,0,0,0,0,0,37,0,0,32,0,0,0,29,0,0,0,0,0,0,0,0,0,0,35,18,0,0,0,0,0,0,34,50,0,0,0,0,0,0,0,0,0,0,28,0,0,0
1356868800,0,0,0,0,0,0,0,0,0,0,0,0,0,0,0,0,0,0,0,0,0,0,0,0,0,0,0,0,0,0,0,0,0,0,0,0,0,0,0,0,0,0,0,0,0,0,0,0,0,0,0,0,0,0,0,0,0,0,0,0,0,0,0,0,0,0,0,0,0,0,0,0,0,0,0,0,0,0,0,0,0,0,0,0,0,0,0,0,0,0,0,0,0,0,0,0,0,0,0,0,0,0,0,0,0,0,0,0,0,0,0,0,0,0,0,0,0,0,0,0,0,0,0,0,0,0,0,0,0,0,0,0,0,0,0,0,46,0,0,0,0,0,0,0,0,0,0,0,0,0,0,0,0,0,0,0,0,0,0,0,0,0,0,0,0,0,0,0,0,0,0,0,0,0,0,0,0,0,0,0,0,0,0,0,0,0,0,0,0,0,0,0,0,0,0,0,0,0,0,0,0,0,0,0,0,0,0,0,0,0,0,0,0,0,0,0,0,0,0,0,0,0,0,0,0,0,0,0,0,0,0,0,0,0,0,0,0,0,0,0,0,0,0,0,0,0,0,0,0,0,0,0,0,0,0,0,0,0
1356868800,0,0,0,0,0,37,0,17,0,0,0,31,0,0,0,0,0,0,0,0,0,0,0,0,0,0,0,0,43,24,0,0,0,0,0,0,0,0,0,0,0,0,0,0,0,0,0,0,0,0,0,0,0,0,0,0,0,0,0,0,0,0,44,0,0,0,0,0,0,0,0,0,0,0,0,0,0,0,0,0,0,0,0,0,0,0,0,0,0,0,0,0,0,0,0,0,0,0,0,0,0,0,0,0,45,41,0,0,0,0,0,0,0,0,0,0,0,0,0,0,12,0,0,0,0,0,0,0,0,0,0,0,0,0,0,0,47,0,0,0,0,0,0,0,0,0,0,0,0,0,0,0,0,0,0,0,0,0,0,0,0,0,0,0,0,0,0,0,0,0,0,0,0,0,0,0,0,0,0,0,0,0,0,46,0,38,0,0,0,0,0,0,0,0,0,0,0,0,0,0,0,0,0,0,0,0,0,0,0,0,0,0,0,0,0,0,0,0,0,0,0,0,0,0,0,0,0,0,0,0,0,43,0,0,0,0,0,0,0,0,0,0,0,0,19,21,0,0,0,0,0,0,0,0,0,0,0,0
1356868800,0,0,0,0,0,0,0,0,0,0,0,0,0,0,0,0,0,0,0,0,40,43,0,0,0,0,0,0,0,0,0,0,0,0,0,0,0,0,45,0,0,0,0,0,0,0,0,0,0,0,0,0,0,0,0,0,0,0,0,0,0,0,0,0,0,0,0,0,0,0,0,0,0,0,0,0,0,0,0,0,0,0,0,0,0,0,0,0,0,0,0,0,0,0,0,0,0,0,0,0,0,0,0,0,0,0,0,0,0,0,0,0,0,0,0,0,0,0,0,0,0,0,0,0,0,0,0,0,0,0,0,0,0,0,0,0,48,0,0,0,0,0,0,0,0,0,0,0,0,0,0,0,0,0,0,0,0,0,0,0,0,0,0,0,0,0,0,0,0,0,0,0,0,0,0,0,0,0,0,0,0,0,0,0,0,0,0,0,0,0,0,0,0,0,0,0,0,0,0,0,0,0,0,0,0,0,0,0,0,0,0,0,0,0,0,0,0,0,0,0,0,0,0,0,0,0,0,0,0,0,0,44,0,0,0,0,0,0,0,0,0,0,0,0,0,0,0,0,0,0,0,0,0,0,0,0,0,0
1356868800,0,0,0,0,0,0,0,0,0,0,0,0,0,0,0,0,0,0,0,0,0,0,0,0,0,0,0,0,0,0,0,0,0,0,0,0,0,0,0,0,0,0,0,0,0,0,0,0,0,0,0,0,0,0,0,0,0,0,0,0,0,0,0,0,0,0,0,0,0,0,0,0,0,0,0,0,0,0,0,0,0,0,0,0,0,0,0,0,0,0,0,0,0,0,0,0,0,0,0,0,0,0,0,0,0,0,0,0,0,0,0,0,0,0,0,0,0,0,0,0,0,0,0,0,0,0,0,0,0,0,0,0,0,0,0,0,49,0,0,0,0,0,0,0,0,47,0,0,0,0,0,0,0,0,0,0,0,0,0,0,0,0,0,0,0,0,0,0,0,0,0,0,0,0,0,0,0,0,0,0,0,0,0,0,0,0,0,0,0,0,0,0,0,0,0,0,0,0,0,0,0,0,0,0,0,0,0,0,0,0,0,0,0,0,0,0,0,0,0,0,0,0,0,0,0,0,0,0,0,0,0,0,0,0,0,0,0,0,50,0,0,0,0,0,0,0,0,0,0,0,0,0,0,0,0,0,0,0
1356868800,0,0,0,0,0,0,0,0,0,0,0,0,0,0,0,0,0,0,0,0,0,0,0,0,0,0,12,0,0,0,0,0,0,0,0,0,0,0,0,0,0,0,0,0,0,0,0,0,0,0,0,0,0,0,0,0,0,0,0,0,0,0,0,0,47,0,0,0,0,0,0,0,0,0,0,0,0,0,0,0,0,0,0,0,0,0,0,0,0,0,0,0,0,0,0,0,0,0,0,0,0,0,0,0,0,0,0,0,0,0,0,0,0,0,0,0,0,0,0,0,0,0,0,0,0,0,0,0,0,0,0,0,0,0,0,0,50,0,0,0,0,0,0,0,0,0,0,0,0,0,0,0,0,0,0,0,0,22,0,0,0,0,0,0,0,0,0,0,0,0,0,0,0,0,0,0,0,0,0,0,0,0,0,0,0,0,0,0,0,0,0,0,0,0,0,0,0,0,0,0,0,0,0,0,0,0,0,47,0,0,0,0,0,0,0,0,0,0,0,0,0,0,0,0,0,0,0,0,0,0,0,0,0,0,0,0,0,0,0,0,0,0,0,0,0,0,0,0,0,0,0,0,0,30,0,0,0,0
