1356868800,0,0,0,0,50,0,1,26,2,14,35,0,0,0,5,6,8,6,19,8,8,5,10,20,7,0,0,0,0,0,0,0,0,0,0,9,0,0,0,50,0,0,0,49,0,30,0,0,0,0,0,0,0,0,0,0,0,0,0,0,0,0,24,0,42,0,11,31,11,0,19,0,0,0,0,0,31,0,0,0,0,0,0,0,0,0,0,0,0,0,0,0,0,0,0,16,0,0,0,0,0,0,0,27,0,13,44,0,0,0,1,0,9,1,1,0,0,0,0,0,0,0,0,0,0,0,0,0,0,6,4,2,0,0,15,0,20,25,0,28,0,0,0,0,0,0,0,0,0,0,0,0,0,0,0,0,0,0,0,37,0,0,0,0,0,0,0,0,7,6,0,0,0,0,0,0,0,0,0,0,0,0,0,0,0,0,0,0,0,0,0,0,0,0,0,0,0,0,0,0,0,0,0,0,27,0,0,0,0,0,0,0,0,0,0,0,0,0,0,0,0,0,0,0,0,0,0,0,0,0,0,0,0,0,0,0,43,0,8,21,28,5,15,4,2,2,1,1,1,1,1,1,1,1,1,1,1,1
1356868800,0,0,0,0,0,0,0,0,4,27,0,0,0,0,3,1,6,4,3,3,4,3,2,4,3,49,45,32,15,22,37,0,0,0,0,3,0,0,0,0,30,0,0,14,0,0,0,8,28,0,45,0,39,31,0,0,0,21,0,0,0,0,0,0,0,0,0,0,0,0,0,0,0,0,0,0,13,19,0,0,0,0,0,0,0,0,0,0,0,0,0,0,0,0,0,0,0,0,0,7,0,26,26,0,0,0,0,0,0,0,2,0,5,4,2,0,0,0,0,0,0,0,0,0,0,0,0,0,0,4,1,3,0,6,3,0,13,0,0,22,0,0,0,0,0,36,0,0,30,0,0,0,0,0,0,0,0,0,12,0,0,0,0,0,0,0,6,0,4,2,0,8,0,0,0,0,26,0,0,0,50,0,0,0,0,0,0,0,40,0,0,0,33,0,0,0,0,0,0,0,0,0,0,0,3,0,0,44,45,0,0,0,0,0,0,0,26,0,0,0,0,0,0,30,0,0,0,0,0,0,17,0,0,0,0,0,41,0,1,2,2,2,10,5,1,1,6,3,3,2,2,3,4,5,2,2,2,3
1356868800,19,15,5,1,43,3,0,14,14,6,5,0,0,0,2,2,1,1,1,1,1,1,1,1,1,16,0,15,47,0,0,24,39,13,3,4,0,0,3,3,1,0,1,3,1,1,9,4,1,3,22,7,2,6,7,12,9,18,33,5,10,0,3,1,1,0,1,3,3,12,1,0,4,5,0,0,1,5,0,0,0,0,1,0,0,0,0,0,0,0,0,0,0,0,0,0,0,4,0,0,4,37,0,2,2,19,2,2,2,1,6,0,0,2,3,0,0,0,38,0,0,28,12,45,0,26,0,0,20,13,0,22,0,0,22,35,1,0,2,1,1,1,2,1,3,2,0,1,1,8,13,2,3,8,2,7,1,0,22,3,4,0,0,3,0,26,2,1,1,1,0,1,0,0,2,46,3,16,7,13,2,13,7,3,19,0,2,0,3,3,7,5,22,16,15,48,0,39,9,10,12,23,4,31,34,9,0,0,4,43,8,4,5,19,22,10,13,0,12,26,10,0,0,17,48,10,0,0,33,0,15,21,0,0,22,0,40,11,0,0,0,0,0,0,0,0,0,0,17,0,10,5,2,2,4,4,6,4
1356868800,46,27,0,0,0,17,0,48,1,5,13,0,0,0,1,3,2,2,4,4,2,2,3,3,2,23,0,21,6,14,0,0,37,48,0,1,0,0,0,19,19,0,0,11,26,6,17,0,11,0,30,24,36,7,40,15,39,16,0,37,0,0,0,0,40,0,33,17,0,0,36,0,50,41,0,17,3,6,0,12,0,0,0,0,0,0,0,0,0,0,0,0,0,0,0,13,0,5,0,33,0,1,0,0,0,5,3,32,0,43,3,0,0,3,4,0,0,0,27,0,40,0,0,41,0,0,28,0,47,2,13,1,0,3,2,0,9,5,0,17,25,0,24,19,0,17,0,36,15,24,48,47,37,32,25,30,0,0,0,15,29,0,0,18,0,0,3,0,2,3,0,5,0,0,39,0,12,0,31,0,12,35,43,17,24,37,19,0,28,34,17,0,20,0,0,0,0,0,0,0,0,33,48,0,5,32,0,18,25,0,23,0,0,0,43,23,36,0,21,0,43,0,0,26,0,0,0,0,0,0,9,0,36,0,0,0,11,0,6,12,31,4,23,1,7,3,2,2,4,3,4,2,3,3,3,3,3,2
1356868800,50,18,0,0,0,0,38,0,7,0,31,0,0,0,4,7,4,7,13,7,3,4,5,6,6,18,13,23,24,0,0,0,0,0,0,7,0,0,0,0,0,0,0,18,31,24,0,0,7,0,43,29,7,10,0,20,23,20,0,38,0,0,0,0,0,0,0,0,0,0,0,0,31,15,0,3,18,42,0,0,0,0,0,0,0,0,0,0,0,0,0,0,0,0,0,1,0,42,0,0,0,0,0,0,0,49,37,0,0,0,4,0,14,5,5,0,0,0,0,0,0,0,0,10,0,0,0,0,41,11,21,5,0,11,16,0,2,37,44,19,0,0,39,0,0,15,0,0,0,0,0,0,0,0,0,0,0,0,10,0,0,0,0,0,0,0,31,0,3,7,0,0,0,0,36,0,33,48,0,0,18,0,31,12,49,0,20,0,24,28,6,0,44,0,0,15,0,0,0,0,0,0,0,0,8,0,0,16,43,0,0,0,0,41,0,21,48,0,0,0,0,0,0,20,0,0,0,0,0,0,29,0,0,10,0,46,38,43,2,4,13,3,13,3,3,7,4,6,6,5,6,4,5,4,5,5,4,5
1356868800,6,5,16,9,3,2,0,5,32,32,2,8,0,0,0,0,0,0,0,45,0,0,0,0,0,13,41,10,0,33,34,19,0,12,0,0,0,0,0,0,0,0,49,26,15,15,50,0,0,0,27,0,21,48,35,17,3,0,0,14,32,0,2,0,2,0,7,1,2,1,5,0,12,6,0,24,8,43,33,10,0,0,28,0,0,0,0,0,0,0,0,0,0,0,0,0,0,0,0,0,1,5,45,19,8,37,25,23,0,25,15,0,20,7,6,0,0,0,9,20,16,4,35,39,0,0,0,1,5,21,11,0,0,0,21,3,31,30,9,3,3,22,9,16,0,26,0,2,5,0,0,32,24,0,5,0,0,24,0,1,1,0,0,8,0,0,0,27,29,11,0,0,0,0,7,14,0,17,19,6,21,6,11,22,5,0,12,0,17,20,19,32,4,0,0,0,48,0,0,11,46,48,13,14,0,27,0,36,48,19,32,25,31,43,0,16,25,0,49,43,0,0,0,42,0,42,0,0,0,0,0,0,0,0,23,36,29,0,0,5,3,1,1,6,5,4,10,25,10,26,9,0,31,34,17,11,15,13
1356868800,0,0,0,0,0,0,0,6,6,0,0,0,0,0,0,0,0,0,0,0,0,0,0,0,0,0,0,0,0,0,0,0,0,0,0,0,0,0,0,0,0,0,0,33,0,0,0,0,0,0,0,0,27,0,0,0,0,27,0,0,0,0,0,0,45,0,0,0,0,0,0,0,0,0,0,0,0,0,0,21,0,0,0,0,0,0,0,0,0,0,0,0,0,0,0,0,0,0,0,0,0,0,0,0,0,0,38,0,0,0,25,0,0,29,7,0,0,0,0,0,0,0,0,0,0,0,0,0,0,8,5,6,0,4,5,0,0,21,0,0,0,0,0,0,0,0,0,0,23,0,0,0,0,0,0,0,0,0,0,0,0,0,0,0,0,0,0,0,0,41,0,0,0,0,0,0,16,0,0,0,0,0,0,21,0,0,0,46,0,0,0,0,0,0,0,0,0,0,0,0,0,0,0,0,0,0,0,0,0,0,0,0,0,0,0,0,0,0,0,0,0,0,0,0,0,0,0,0,0,0,0,0,0,0,0,0,0,0,12,7,1,16,17,11,0,0,0,8,0,23,17,0,26,0,0,19,21,0
1356868800,0,0,26,0,0,0,0,0,13,0,0,0,0,0,0,28,35,30,37,40,33,40,0,50,41,0,0,0,0,10,0,0,44,0,21,0,0,0,36,0,11,0,18,0,0,45,0,0,0,47,0,0,0,0,28,30,0,0,0,0,0,0,0,0,0,0,31,0,10,0,0,0,0,0,0,22,33,0,0,0,0,0,0,0,0,0,0,0,0,0,0,0,0,35,0,0,0,0,0,8,0,21,0,0,0,0,17,0,38,0,19,0,0,9,8,0,0,0,0,0,0,0,0,0,0,0,0,0,0,12,0,7,0,7,7,0,0,22,0,0,0,0,0,36,0,0,0,0,0,0,0,0,0,0,0,0,0,0,0,0,0,0,0,29,0,0,0,0,10,42,0,47,0,0,24,27,0,31,10,42,13,21,0,15,9,0,33,18,25,24,23,0,0,0,0,0,0,0,0,26,0,0,34,0,41,0,4,0,39,0,0,0,0,0,0,0,0,0,0,0,0,0,0,0,0,0,0,0,0,0,0,0,0,0,0,0,0,0,21,13,35,8,27,8,12,13,9,35,7,18,13,28,40,25,43,0,25,14
1356868800,7,16,9,0,0,32,0,7,0,0,10,0,0,0,41,46,11,17,11,12,11,42,22,0,24,17,6,40,20,6,28,0,0,0,0,0,0,0,7,5,4,0,5,2,5,8,34,2,34,5,0,0,5,20,14,2,22,6,0,13,2,0,38,6,0,0,20,37,14,19,9,0,7,3,0,28,2,12,0,0,0,0,19,0,0,0,0,0,0,0,0,0,35,0,0,25,0,12,0,3,13,9,0,25,11,27,7,7,6,3,0,0,0,21,9,0,0,0,0,0,0,42,0,0,0,0,0,0,0,0,0,0,0,0,0,4,5,1,1,2,4,2,1,8,0,1,0,4,2,20,7,12,28,16,11,13,5,0,4,6,10,0,0,23,0,45,33,0,20,5,0,0,0,0,3,13,17,12,3,4,1,2,2,6,4,0,3,0,2,5,5,2,9,1,18,0,0,0,19,15,9,9,5,18,18,18,30,10,9,31,5,5,2,0,10,7,7,0,5,8,7,19,39,9,4,13,0,10,10,0,40,9,7,5,0,39,6,6,0,0,0,0,0,0,0,0,0,0,0,0,0,0,0,0,0,0,28,32
1356868800,0,0,0,0,0,0,0,0,10,0,0,0,0,0,6,5,5,5,5,9,5,9,4,7,4,0,0,0,0,0,0,0,0,0,0,6,15,0,0,0,0,0,0,46,0,38,0,0,22,0,0,0,44,27,0,0,0,0,0,0,0,0,0,0,0,0,0,0,0,24,0,0,0,32,0,0,23,34,0,0,0,0,0,0,0,0,0,0,0,0,0,0,0,0,0,0,0,0,0,0,0,0,0,10,0,0,47,0,0,46,10,0,26,6,10,0,0,0,42,0,0,0,0,0,0,0,0,0,0,10,2,4,0,10,14,0,24,7,0,20,0,47,0,0,0,19,0,0,0,0,37,0,0,0,0,0,0,0,0,0,0,0,0,0,0,0,0,0,12,28,0,30,0,0,0,0,49,0,0,0,28,0,0,0,0,0,0,0,47,0,0,0,24,0,0,0,0,0,0,0,0,0,0,0,15,0,0,0,0,0,0,0,0,0,0,0,50,0,38,0,0,0,0,31,0,0,0,0,0,0,5,0,0,0,0,0,32,0,7,41,27,10,20,7,13,5,8,7,9,6,7,9,6,28,10,6,5,8
1356868800,12,10,18,0,0,9,0,0,0,0,8,27,0,0,0,0,0,0,0,0,0,0,0,0,0,0,0,17,0,0,29,29,0,42,0,0,0,0,0,0,0,0,0,29,0,0,0,42,0,0,0,0,0,0,0,0,13,0,0,44,33,0,11,0,8,0,27,2,20,6,15,0,45,24,0,48,12,7,16,18,0,0,0,0,0,0,0,0,0,0,0,0,0,0,0,0,0,33,0,15,7,7,4,29,19,0,35,0,0,0,31,0,35,11,11,0,0,0,24,41,33,0,11,0,0,0,46,13,2,0,0,0,0,0,0,16,22,44,19,16,12,0,17,0,0,0,0,7,9,0,0,0,0,0,39,0,10,0,21,2,5,0,0,0,0,0,0,28,0,0,0,0,0,0,20,0,0,43,0,14,15,11,19,0,36,0,28,0,43,50,39,0,0,0,0,0,0,0,0,0,0,0,50,0,0,0,0,0,50,0,0,0,0,0,0,0,0,0,0,0,0,0,0,0,0,0,0,0,0,0,0,0,0,0,0,0,0,0,0,24,7,6,3,19,6,12,21,40,15,28,8,0,28,0,0,20,27,11
1356868800,0,25,19,0,0,14,26,2,18,1,9,0,6,0,0,0,0,0,0,0,0,0,0,0,0,4,21,9,17,13,5,2,0,10,16,12,0,0,0,0,0,50,0,7,7,7,4,1,2,4,4,3,4,4,4,7,2,5,0,3,0,0,43,0,0,0,50,5,0,5,33,0,5,14,0,15,25,15,0,0,0,0,0,0,0,0,0,0,0,0,0,0,0,0,0,8,0,1,0,11,16,0,0,4,39,3,16,47,29,28,33,0,0,10,12,0,0,0,0,0,0,0,6,0,0,0,6,0,0,41,15,39,0,0,0,1,35,3,0,6,9,27,5,3,1,11,0,3,6,9,0,36,15,0,31,20,14,0,31,13,18,0,0,2,0,0,0,0,17,12,0,0,0,0,18,38,0,49,15,9,43,22,21,5,28,27,27,0,15,16,12,10,7,0,7,32,8,9,0,44,6,2,6,4,2,15,17,6,5,5,7,7,9,7,7,5,9,0,3,13,1,12,0,6,0,3,0,9,5,20,27,7,6,0,9,7,18,7,5,0,0,0,45,0,41,0,0,0,0,0,0,0,0,0,49,45,43,0
1356868800,0,0,0,0,0,46,0,0,0,0,0,0,0,0,0,0,0,0,0,0,0,0,0,0,0,0,0,0,0,0,0,0,0,0,0,0,0,0,0,0,0,0,0,0,0,0,0,0,0,0,0,0,0,0,0,0,0,0,0,0,8,0,40,0,21,0,44,47,0,23,40,0,0,0,0,0,0,0,0,0,0,0,0,0,0,0,0,0,0,0,0,0,0,0,0,0,0,0,0,0,0,0,0,0,0,0,0,0,0,0,9,0,0,20,13,0,0,0,0,0,0,0,0,0,0,0,0,0,0,0,0,0,0,0,0,0,0,0,0,0,0,0,0,0,0,0,0,0,0,0,0,0,0,0,0,0,0,0,0,8,41,0,0,13,0,0,0,0,0,0,0,0,0,0,0,0,0,0,0,0,0,0,0,0,0,0,0,0,0,0,0,0,0,0,0,0,0,0,0,0,0,0,0,0,0,0,0,0,0,0,0,0,0,0,0,0,0,0,0,0,0,0,0,0,0,0,0,0,0,0,0,0,0,0,0,0,0,0,0,0,0,0,0,48,46,33,0,0,38,10,5,25,10,6,15,14,18,16
1356868800,0,0,0,16,49,43,5,0,48,0,0,0,0,0,14,4,3,9,33,18,12,0,8,2,8,36,40,0,0,0,36,0,5,0,0,5,0,0,0,0,0,11,24,4,0,0,0,13,0,39,0,43,0,0,33,0,20,29,0,47,0,0,0,0,46,0,32,41,24,0,0,0,0,0,0,0,0,0,0,0,0,0,0,0,0,0,29,0,0,0,0,0,0,0,0,0,0,3,0,0,17,17,3,1,0,0,31,50,0,0,0,0,0,25,14,0,0,0,0,0,8,0,0,0,0,0,0,0,0,42,0,0,0,0,18,15,0,0,0,0,35,0,35,0,0,25,0,11,37,0,0,0,0,0,0,0,0,0,1,39,0,0,0,45,0,0,0,0,48,0,0,0,0,0,47,0,27,0,0,35,0,0,42,19,0,31,43,21,0,42,0,43,0,33,0,10,24,45,14,28,0,27,35,50,0,0,5,23,28,0,0,43,29,10,0,32,0,0,25,0,0,31,29,0,0,0,0,0,35,24,0,26,9,0,33,0,30,0,17,9,14,45,26,37,38,50,15,23,14,22,42,0,15,24,0,0,47,34
1356868800,0,0,0,0,0,0,0,0,8,0,0,0,0,0,9,10,16,11,20,16,13,8,7,0,10,0,0,0,0,0,0,0,0,0,0,10,0,0,0,0,0,0,0,0,0,0,0,0,0,0,0,0,0,0,0,0,0,0,0,0,0,0,0,0,0,0,0,0,0,0,0,0,0,0,0,0,0,0,0,37,0,0,0,0,0,0,0,0,0,0,0,0,0,0,0,0,0,44,0,0,0,0,0,0,0,0,0,0,0,0,17,0,8,8,15,0,0,0,0,0,0,0,0,0,0,49,0,0,0,15,25,8,0,17,12,0,6,0,0,45,0,0,0,0,0,0,0,0,0,0,0,0,0,0,0,0,0,0,0,0,0,0,0,0,0,0,0,0,9,21,0,14,0,0,0,0,0,0,0,0,0,0,0,0,0,0,0,0,0,0,0,0,25,0,0,0,0,0,0,0,0,0,0,0,11,0,0,0,0,0,0,0,0,0,0,0,0,0,0,0,0,0,0,48,0,0,0,0,0,0,30,0,0,0,0,0,36,0,30,43,33,13,22,15,18,24,12,12,21,7,38,21,8,40,12,12,7,7
1356868800,0,0,0,25,0,0,0,0,0,0,0,0,0,0,0,0,0,0,0,0,0,0,0,0,0,0,0,0,0,0,0,0,0,0,0,0,0,0,0,0,0,0,0,0,0,0,0,0,0,0,0,0,0,0,0,0,0,0,0,0,0,0,0,0,0,0,0,0,0,0,0,0,0,0,0,0,0,0,0,0,0,0,0,0,0,0,0,0,0,0,0,0,0,0,0,0,0,0,0,0,0,0,0,0,0,0,0,0,0,0,29,0,0,32,16,0,0,0,0,0,0,0,0,0,0,0,0,0,0,0,0,0,0,0,0,0,0,0,0,0,0,0,0,0,0,0,0,0,0,0,0,0,0,0,0,0,20,0,0,0,0,0,0,0,0,0,0,33,0,0,0,28,0,0,0,0,0,0,0,0,0,0,0,0,0,0,0,0,0,0,0,0,0,0,0,0,0,0,0,0,0,0,0,0,0,0,0,0,0,0,0,0,0,0,0,0,0,0,0,0,0,0,0,0,0,0,0,0,0,0,0,0,0,0,0,0,0,0,23,32,15,37,0,27,0,21,13,17,12,48,18,0,25,0,24,23,41,15
1356868800,0,0,0,0,0,0,0,0,11,0,0,0,0,0,8,11,15,13,24,11,17,10,12,36,11,0,0,0,0,0,0,0,0,0,0,14,0,0,0,0,0,0,0,0,0,0,0,0,0,0,0,0,16,0,0,34,0,0,0,0,0,0,0,0,0,0,0,0,0,0,0,0,0,0,0,42,0,0,0,0,0,0,0,0,0,0,0,0,0,0,0,0,0,0,0,31,0,0,0,50,0,0,0,39,0,43,49,0,0,0,11,0,11,18,17,0,0,0,0,0,0,0,37,0,0,0,0,0,0,20,9,12,0,8,29,0,10,0,0,37,0,0,0,0,0,0,0,0,0,0,0,0,0,38,0,0,0,0,0,0,0,0,0,0,0,0,5,0,21,18,0,0,0,0,0,0,45,0,0,0,44,0,0,0,0,0,0,0,0,0,0,0,32,0,0,0,0,0,0,0,0,0,0,0,10,0,0,0,0,0,0,0,0,0,0,0,45,0,0,0,0,0,0,40,0,0,0,0,0,0,46,0,0,22,0,0,37,0,48,0,0,12,32,10,26,28,24,13,36,8,16,24,13,27,11,9,8,22
1356868800,0,0,39,0,25,13,0,18,29,0,30,0,0,0,35,32,0,0,0,0,0,0,0,0,0,0,0,43,39,0,0,0,0,25,0,0,0,0,0,0,0,0,0,0,0,0,46,7,0,0,0,0,0,0,25,0,0,0,0,45,0,0,36,0,9,0,39,7,0,25,39,0,27,40,0,0,5,0,14,4,0,0,0,0,0,0,0,0,0,0,0,0,0,0,0,0,0,7,0,32,9,44,0,0,0,0,34,18,0,0,23,0,29,13,18,0,0,0,5,0,13,0,0,0,0,0,0,5,24,31,6,0,0,0,25,0,45,0,25,38,24,0,23,30,0,0,0,27,29,0,0,0,0,0,0,0,13,0,0,40,0,0,0,19,0,0,0,0,31,44,0,4,0,0,0,0,0,0,0,44,0,0,0,0,0,0,0,0,0,46,0,28,21,22,0,0,0,0,0,0,34,0,0,0,46,0,0,34,0,0,0,0,0,0,0,0,37,0,0,32,0,0,0,29,0,0,0,0,0,0,0,0,0,0,35,18,0,0,13,11,26,15,14,21,28,9,0,27,48,25,0,48,35,36,0,10,10,6
1356868800,0,0,0,7,0,0,50,0,0,0,0,0,0,0,0,0,0,0,0,0,0,0,0,0,0,0,0,0,0,0,0,0,0,0,0,0,0,0,0,0,0,0,0,0,0,0,0,0,0,0,0,0,0,0,0,0,0,0,0,0,0,0,0,0,0,0,0,0,0,0,0,0,0,0,0,0,0,0,0,0,0,0,0,0,0,0,0,0,0,0,0,0,0,0,0,0,0,0,0,0,0,0,0,0,0,0,0,0,0,0,32,0,0,23,19,0,0,0,0,0,0,0,0,0,0,0,0,0,0,0,0,0,0,0,0,18,0,0,0,0,0,0,0,0,0,0,0,0,0,0,0,0,0,0,0,0,0,0,0,0,0,0,0,0,0,0,0,0,0,0,0,0,0,0,0,0,0,0,0,0,0,0,0,0,0,0,0,0,0,0,0,0,0,0,0,39,0,0,0,0,0,0,0,0,0,0,0,0,0,0,0,0,0,0,0,0,0,0,0,0,0,0,0,0,0,0,0,0,0,0,0,0,0,0,0,0,0,0,3,14,6,14,25,36,10,27,17,11,5,31,31,0,30,29,7,8,20,19
1356868800,0,0,0,35,0,42,0,0,0,0,24,15,0,0,0,0,0,0,0,0,0,0,0,0,0,0,0,0,0,0,0,0,0,0,0,0,0,0,0,0,0,0,0,0,0,0,0,0,0,0,0,0,0,0,0,36,11,0,0,0,0,0,13,0,20,0,0,6,22,0,43,0,0,0,0,0,0,0,0,16,0,0,0,0,0,0,0,0,0,0,0,0,0,0,0,0,0,38,0,0,20,0,12,0,43,0,0,0,0,0,41,0,0,31,20,0,0,0,0,0,0,0,10,0,0,0,0,18,14,0,0,0,0,0,0,44,0,0,37,46,21,0,40,0,0,0,0,24,16,0,0,0,0,0,0,0,0,0,0,7,31,0,0,0,0,0,0,0,0,0,0,0,0,0,0,0,0,0,0,46,0,0,0,0,0,0,0,0,0,0,0,0,0,0,0,0,0,0,0,0,0,0,0,0,0,0,0,0,0,0,0,0,0,0,0,0,0,0,0,0,0,0,0,0,0,0,0,0,0,0,0,0,0,0,0,0,0,0,0,30,10,20,5,22,8,20,14,0,22,39,37,0,0,0,0,24,42,20
1356868800,0,0,0,30,23,0,6,0,0,0,0,0,0,0,0,0,0,0,0,0,0,0,0,0,0,0,0,0,0,0,0,0,0,0,0,0,0,0,0,0,0,0,0,0,0,0,0,0,0,0,0,0,0,0,0,0,0,0,0,0,0,0,0,0,0,0,40,0,0,39,31,0,0,49,0,0,0,0,0,0,0,0,0,0,0,0,0,0,0,0,0,0,0,0,0,0,0,0,0,0,41,0,0,0,0,0,0,0,0,0,8,0,0,15,21,0,0,0,0,0,0,0,0,0,0,0,0,0,0,0,0,0,0,0,0,11,0,0,0,0,0,0,0,0,0,0,0,0,0,0,0,0,0,0,0,0,0,0,23,0,0,0,0,0,0,0,17,0,0,0,0,6,0,0,0,0,0,0,0,0,0,0,0,0,0,0,0,0,34,0,0,0,0,0,0,0,0,0,0,0,0,0,0,0,0,0,0,0,0,0,0,0,0,0,0,0,0,0,0,0,0,0,0,0,0,0,0,0,0,0,0,0,0,0,0,0,0,0,4,6,8,7,28,18,21,14,7,10,18,19,0,35,19,8,20,7,23,10
1356868800,0,0,0,0,0,0,0,0,19,0,0,0,0,0,7,8,7,3,8,2,7,7,6,5,5,0,0,0,22,0,0,0,0,47,0,8,0,0,0,30,45,0,0,0,0,28,0,0,0,0,24,23,19,0,0,0,0,31,0,0,0,0,0,0,0,0,0,0,0,0,0,0,44,0,0,0,0,0,0,0,0,0,0,0,0,0,0,0,0,0,0,0,0,0,0,27,0,0,0,6,0,0,0,37,0,0,23,0,0,0,16,0,31,22,22,0,0,0,0,0,0,0,0,9,0,25,0,0,0,30,10,10,0,2,28,0,8,0,0,0,0,0,0,0,0,0,0,0,17,16,40,16,40,50,27,19,0,0,0,0,0,0,0,0,0,0,0,8,19,4,0,0,0,0,0,0,0,0,45,0,33,0,0,42,0,0,0,0,0,0,47,0,26,0,0,0,0,0,0,0,0,0,0,0,0,0,0,0,0,0,0,0,0,0,45,0,0,0,0,0,0,0,0,0,0,0,0,0,0,0,0,0,0,0,0,0,0,0,0,0,0,0,0,0,0,0,0,31,0,36,0,16,7,16,9,42,40,35
1356868800,0,0,0,18,13,4,0,0,0,0,0,0,0,0,0,0,0,0,0,0,0,0,0,0,0,0,0,0,0,0,30,41,0,0,0,0,0,0,0,0,0,0,0,0,0,0,0,0,0,0,0,0,0,0,0,0,0,0,0,0,0,0,0,0,0,0,0,0,0,0,0,0,0,0,0,0,0,0,0,0,0,0,0,0,0,0,0,0,0,0,0,0,0,0,0,0,0,0,0,0,0,0,0,0,0,0,0,0,31,40,18,0,0,47,23,0,0,0,0,0,0,0,0,0,29,0,0,0,0,0,0,44,0,0,0,0,0,0,0,0,0,0,0,0,0,0,0,0,0,48,0,0,0,0,0,21,0,0,0,0,0,0,0,0,0,0,0,0,0,0,0,0,0,0,0,0,34,0,0,0,0,0,0,0,0,0,0,0,0,0,0,0,0,0,37,7,12,6,0,46,0,26,0,0,36,48,46,0,42,0,0,0,0,13,0,0,23,0,30,0,0,0,0,0,0,0,0,27,0,0,0,0,12,0,0,0,15,0,0,0,0,0,34,0,24,0,0,0,0,0,0,0,37,22,40,0,39,30
1356868800,0,0,23,0,15,6,0,50,46,0,41,0,0,0,0,0,0,0,0,0,0,0,0,0,0,0,0,0,0,0,0,0,0,0,26,0,0,0,0,0,0,0,0,21,0,0,0,26,0,0,0,0,0,0,13,0,0,0,0,0,0,0,27,0,18,0,36,19,0,31,0,0,0,28,0,0,26,0,6,3,0,0,0,0,0,0,0,0,0,0,0,0,0,0,0,0,0,0,0,5,35,30,0,0,0,0,42,33,0,0,38,0,0,19,24,0,0,0,15,0,0,0,0,0,0,0,27,22,25,0,14,17,0,0,0,0,0,0,0,0,0,0,0,0,0,0,0,0,27,0,0,0,0,0,0,0,40,0,0,44,0,0,0,0,0,0,0,0,0,0,0,41,0,0,0,0,0,0,0,0,0,0,0,0,0,0,0,0,0,41,0,18,0,0,0,0,0,0,0,0,0,0,0,0,0,0,0,15,29,0,0,0,0,0,0,0,0,0,0,0,0,0,0,0,0,0,0,0,0,0,0,0,0,0,0,0,0,0,18,25,43,41,18,44,48,11,0,0,33,30,0,0,0,0,0,17,12,12
1356868800,0,0,0,0,0,0,0,0,0,0,0,0,0,0,0,0,0,0,0,0,0,0,0,0,0,0,0,0,0,0,0,0,0,0,0,0,0,0,0,0,0,0,0,0,0,0,0,0,0,0,0,0,0,0,0,0,0,0,0,0,0,0,0,0,0,0,0,0,0,0,0,0,0,0,0,0,0,0,0,0,0,0,0,0,0,0,0,0,0,0,0,0,0,0,0,0,0,0,0,0,0,0,0,0,0,0,0,0,0,0,27,0,0,0,25,0,0,0,0,0,0,0,0,0,0,0,0,0,0,0,38,0,0,0,0,0,0,0,0,0,0,0,0,0,0,0,0,0,0,0,0,0,0,0,0,0,0,0,0,0,0,0,0,0,0,0,0,0,0,0,0,0,0,0,0,0,0,0,0,0,0,0,0,0,0,0,0,0,0,0,0,0,0,0,0,0,0,0,0,0,0,0,0,0,0,0,0,0,0,0,0,0,0,0,0,0,0,0,0,0,0,0,0,0,0,0,0,0,0,0,0,0,0,0,0,0,0,0,0,0,0,34,42,0,0,0,0,0,0,0,0,0,0,0,0,0,0,46
1356868800,0,0,0,0,0,0,0,0,16,0,0,0,0,0,0,0,0,0,0,0,0,0,0,0,0,0,0,0,0,0,0,0,0,0,0,0,0,0,0,0,0,0,0,0,0,0,0,0,0,0,0,0,0,0,0,0,0,0,0,0,0,0,0,0,0,0,0,0,0,0,0,0,0,0,0,0,0,0,0,0,0,0,0,0,0,0,0,0,0,0,0,0,0,0,0,0,0,0,0,0,0,47,0,0,0,0,0,0,0,0,0,0,0,0,26,0,0,0,0,0,0,0,0,0,0,0,0,0,0,18,0,0,0,0,30,0,0,0,0,0,0,0,0,0,0,0,0,0,0,0,0,0,0,0,0,0,0,0,0,0,0,0,0,0,0,0,0,0,0,0,0,0,0,0,0,0,0,0,0,0,0,0,0,0,0,0,0,0,0,0,0,0,0,0,0,0,0,0,0,0,0,0,0,0,0,0,0,0,0,0,0,0,0,0,0,0,0,0,0,0,0,0,0,0,0,0,0,0,0,0,0,0,0,0,0,0,0,0,0,0,0,0,0,0,0,0,0,0,0,0,0,0,0,23,0,0,0,0
1356868800,0,0,0,24,6,0,17,44,15,0,0,0,0,0,0,0,0,0,0,0,0,0,0,0,0,0,0,0,19,0,11,9,0,2,0,0,0,0,0,0,15,0,36,0,41,23,0,0,0,0,0,0,47,33,38,0,0,0,0,0,0,0,0,0,0,0,25,0,0,0,0,0,34,0,8,10,0,0,0,0,8,0,0,0,0,0,0,0,0,0,0,0,0,0,0,0,0,0,0,0,0,38,0,0,0,44,19,0,1,2,48,0,0,0,27,0,0,0,0,0,0,0,0,0,0,0,0,0,0,19,0,24,0,0,19,9,3,35,0,0,0,0,25,0,0,0,0,9,25,18,2,6,2,14,24,1,0,0,19,0,14,0,0,0,0,0,0,0,0,0,0,0,0,0,0,50,11,37,14,0,0,12,0,10,0,0,22,0,48,0,29,11,5,28,10,1,6,15,48,8,15,7,10,15,13,26,50,5,7,20,0,23,25,12,4,14,12,0,4,7,20,0,2,0,0,26,0,8,8,9,0,8,3,16,11,13,5,25,0,0,0,0,0,0,0,0,0,0,0,0,0,0,0,0,0,0,32,21
1356868800,18,33,22,5,11,1,22,4,0,0,25,0,0,0,0,0,0,0,0,0,0,0,0,0,0,15,7,19,3,2,0,4,20,7,9,0,0,0,0,0,0,0,0,38,0,43,0,0,0,0,0,0,49,0,0,0,0,0,25,0,0,0,1,0,4,0,3,10,6,3,11,0,15,23,0,1,38,10,0,0,0,0,0,0,0,0,0,0,0,0,0,0,0,0,0,0,0,0,0,0,0,13,0,0,29,10,11,5,19,4,0,0,34,0,28,0,0,0,0,0,6,0,0,0,0,0,0,0,0,0,0,0,0,0,0,0,12,0,23,4,19,8,15,18,0,12,0,0,45,11,6,10,16,30,15,4,0,0,0,18,13,0,0,9,0,0,0,0,0,0,0,0,0,0,22,7,4,11,6,24,11,5,17,2,3,0,18,0,5,6,18,7,35,0,17,25,20,4,16,6,18,10,8,13,45,24,21,14,32,25,10,17,32,22,9,26,5,0,8,4,5,8,0,14,0,7,0,7,12,7,20,6,8,45,36,37,21,19,0,0,0,0,0,0,0,0,0,0,0,0,0,0,0,0,0,0,0,0
1356868800,0,0,0,0,0,0,0,0,3,0,0,0,0,0,0,0,0,0,0,0,0,0,0,0,0,0,0,34,38,0,0,0,0,0,0,0,0,0,0,0,46,0,0,0,0,0,0,0,0,0,0,0,0,34,0,0,0,0,0,0,0,0,0,0,0,0,0,0,0,0,0,0,0,0,0,0,30,0,0,15,0,0,36,0,0,0,0,0,0,0,0,0,0,0,0,0,0,0,0,0,39,0,0,0,0,0,0,0,0,0,21,0,0,27,29,0,0,0,0,0,0,0,0,0,0,0,0,0,0,1,0,31,0,0,1,0,0,0,0,0,0,0,0,0,0,0,0,0,0,0,0,0,0,0,0,0,0,0,0,0,0,0,0,12,0,36,36,9,14,36,0,0,0,0,0,0,0,0,0,0,0,0,0,0,0,0,0,0,0,0,0,0,0,0,0,0,0,0,0,0,0,0,0,0,0,0,0,0,0,0,0,0,0,0,0,0,0,0,0,0,0,0,0,0,0,0,0,0,0,0,0,0,0,0,0,0,0,0,0,0,0,0,0,0,0,0,5,4,2,4,3,13,9,12,8,0,19,31
1356868800,0,0,0,0,0,0,0,0,0,0,0,0,0,0,0,0,0,0,0,0,0,0,0,0,0,0,0,0,0,0,0,0,0,0,0,0,0,0,0,0,0,0,0,0,0,0,38,0,0,0,0,0,0,0,0,0,0,0,0,0,0,0,48,0,0,0,0,0,0,37,0,0,0,0,0,0,0,0,0,0,0,0,0,0,0,0,0,0,0,0,0,0,0,0,0,0,0,0,0,0,0,46,0,0,0,0,0,0,0,0,0,0,0,0,30,0,0,0,0,0,0,0,0,0,0,0,0,0,39,0,0,0,0,0,0,0,0,0,20,0,0,0,0,0,0,0,0,0,0,0,0,0,0,0,0,0,0,0,0,0,0,0,0,0,0,0,0,0,0,0,0,0,0,0,0,0,0,0,0,0,0,0,0,0,0,0,0,0,0,0,0,0,0,0,0,0,0,0,0,0,0,0,0,0,0,0,0,0,0,0,0,0,0,0,0,0,0,0,0,0,0,0,0,0,0,0,0,0,0,0,0,0,0,0,0,0,0,0,0,19,44,0,38,0,0,0,0,0,0,0,0,0,0,0,0,31,0,49
1356868800,0,0,0,49,8,0,0,0,27,0,0,0,0,0,0,0,0,0,0,0,0,0,0,0,0,0,10,0,44,0,0,12,0,0,0,26,0,0,0,0,0,0,0,8,0,14,22,0,3,23,0,0,14,22,0,40,0,19,0,0,0,0,0,0,0,0,0,0,0,0,0,0,0,0,0,21,4,1,13,1,0,0,2,0,45,0,0,0,0,0,25,0,0,0,0,12,0,31,0,0,22,40,0,21,0,0,0,0,33,0,0,0,0,0,31,0,0,0,10,0,31,2,0,0,0,0,0,0,0,17,0,23,0,30,8,26,0,0,0,49,0,36,19,20,0,0,0,0,0,0,0,0,0,0,0,0,0,0,0,48,0,0,0,17,0,0,0,31,32,0,0,0,5,0,0,0,0,0,0,0,0,43,0,0,0,13,0,6,0,0,0,0,18,0,23,0,43,0,0,30,0,32,41,0,0,0,0,0,0,0,31,0,0,0,0,28,28,0,0,0,19,48,0,0,0,0,0,16,0,23,0,0,0,0,0,0,0,0,0,0,0,0,0,0,49,8,3,5,8,34,48,0,0,0,0,0,0,0
1356868800,0,0,44,0,0,0,16,0,0,0,0,0,0,0,0,0,0,0,0,0,0,0,0,0,0,0,19,0,42,0,0,0,0,46,49,0,0,0,0,0,0,0,0,0,0,0,0,12,0,0,0,0,0,0,0,0,0,0,0,0,0,0,19,0,14,0,38,13,26,11,0,0,0,0,0,0,17,0,48,0,0,0,0,0,0,0,0,0,0,0,0,0,0,0,0,0,0,0,0,41,0,48,0,0,0,0,46,0,0,0,43,0,0,38,32,0,0,0,45,0,0,0,0,0,0,41,43,0,0,0,40,0,0,0,0,0,0,0,0,0,50,0,0,0,0,0,0,0,0,0,0,0,0,0,0,0,21,0,0,27,0,0,0,0,0,0,0,0,0,0,0,0,0,0,0,0,0,0,0,0,0,0,0,0,0,0,0,0,0,0,0,0,0,0,0,0,0,0,0,0,0,0,0,0,0,0,0,0,0,0,40,0,0,0,0,0,0,0,0,0,0,0,0,0,0,0,0,0,0,0,0,46,0,0,0,0,0,0,22,8,20,38,19,0,45,42,50,0,0,42,0,0,0,0,0,15,16,23
1356868800,0,0,0,0,0,0,0,0,0,0,40,4,0,0,0,0,0,0,0,0,0,0,0,0,0,0,0,0,0,0,0,0,0,0,0,0,0,0,0,0,0,0,0,0,0,0,0,17,0,0,0,0,0,0,0,0,0,0,0,0,0,0,0,0,0,0,0,0,0,0,0,0,0,0,0,0,0,0,0,0,0,0,0,0,0,0,0,0,0,0,0,0,0,0,0,0,0,0,0,0,0,0,0,0,0,0,0,0,0,0,0,0,0,26,33,0,0,0,0,0,0,0,0,0,0,0,0,0,0,0,0,0,0,0,0,0,0,0,0,0,0,0,0,0,0,0,0,0,0,0,0,0,0,0,0,0,0,0,0,0,0,0,0,0,0,0,0,0,0,0,0,0,0,0,0,0,0,0,0,0,0,0,0,0,0,0,0,0,0,0,0,0,0,0,0,0,0,0,0,0,0,0,0,0,0,0,0,0,0,0,0,0,0,0,0,0,0,0,0,0,0,0,0,0,0,0,0,0,0,0,0,0,0,0,0,0,0,0,0,0,0,0,0,0,0,0,0,0,0,0,0,0,0,0,0,0,0,0
1356868800,0,0,0,0,29,0,0,0,0,0,0,0,0,0,0,0,0,0,0,0,0,0,0,0,0,0,0,0,0,0,0,0,0,0,0,0,0,0,0,0,0,0,0,0,0,0,0,0,0,0,0,0,0,0,0,0,0,0,0,0,0,0,0,0,0,0,0,0,0,0,0,0,0,0,0,0,0,0,0,0,0,0,0,0,0,0,0,0,0,0,0,0,0,0,0,0,0,0,0,0,0,0,0,0,0,0,0,0,0,0,0,0,0,0,34,0,0,0,0,0,0,0,0,0,0,0,0,0,0,0,0,0,0,0,0,0,0,0,0,0,0,0,0,0,0,0,0,0,0,0,0,0,0,0,0,0,0,0,0,0,0,0,0,0,0,0,0,0,0,0,0,0,0,0,0,0,0,0,0,0,0,0,0,0,0,0,0,0,0,0,0,0,0,0,0,0,0,0,0,0,0,0,0,0,0,0,0,0,0,0,0,0,0,0,0,0,0,0,0,0,0,0,0,0,0,0,0,0,0,0,0,0,0,0,0,0,0,0,24,35,0,0,0,20,43,35,47,0,25,21,0,0,0,43,45,0,48,0
1356868800,0,0,0,0,0,0,0,0,33,0,0,0,0,0,0,0,0,0,0,0,0,0,0,0,0,0,0,0,0,0,0,0,0,0,0,0,0,0,0,0,0,0,0,0,0,0,0,0,0,0,0,0,0,0,0,0,0,0,0,0,0,0,0,0,0,0,0,0,0,0,0,0,0,0,0,0,0,0,0,0,0,0,0,0,0,0,0,0,0,0,0,0,0,0,0,0,0,0,0,0,0,0,0,0,0,0,0,0,0,0,0,0,0,0,35,0,0,0,0,0,0,0,0,0,0,0,0,0,0,23,0,0,0,0,0,0,0,0,0,0,0,0,0,0,0,0,0,0,0,0,0,0,0,0,0,0,0,0,0,0,0,0,0,0,0,0,0,0,0,0,0,24,0,0,0,0,0,0,0,0,0,0,0,0,0,0,0,0,0,0,0,0,0,0,0,0,0,0,0,0,0,0,0,0,0,0,0,0,0,0,0,0,0,0,0,0,0,0,0,0,0,0,0,0,0,0,0,0,0,0,32,0,0,0,0,0,0,0,35,42,0,0,0,47,50,0,26,50,0,27,15,0,0,0,0,0,0,0
1356868800,1,1,1,0,2,5,7,27,0,8,14,6,0,0,0,0,0,0,0,0,0,0,0,0,0,6,2,7,4,3,6,3,8,3,2,0,0,0,0,0,9,0,16,5,40,22,0,15,0,44,0,0,10,0,19,0,5,44,0,46,0,0,8,0,3,0,8,4,1,4,3,0,3,4,0,2,9,2,0,0,0,0,0,0,0,0,0,0,0,0,0,0,0,0,0,0,0,9,0,0,0,0,0,13,25,1,1,1,21,19,0,0,0,0,36,0,0,0,0,0,10,0,0,0,0,0,0,0,50,0,0,0,0,0,0,19,16,0,12,13,13,10,8,2,0,6,0,23,8,17,24,8,13,0,14,3,12,1,14,9,2,0,0,7,0,0,0,0,0,46,0,0,0,0,15,5,6,14,2,10,6,10,23,4,16,8,14,0,7,9,34,12,2,3,2,40,5,5,8,2,2,4,2,5,16,12,7,12,3,10,2,6,7,2,6,9,3,0,6,6,8,5,4,4,0,4,0,12,15,2,2,4,4,0,10,4,9,8,11,49,47,40,24,41,34,26,0,0,0,0,0,0,0,35,41,0,0,0
1356868800,0,0,0,0,0,0,24,0,38,0,0,0,0,0,0,0,0,0,0,0,0,0,0,0,0,0,0,0,0,0,0,0,0,0,0,0,0,0,0,0,0,0,0,42,0,0,0,0,0,0,0,0,0,0,0,0,0,0,0,0,0,0,0,0,0,0,0,0,0,0,0,0,0,0,0,0,0,0,0,0,0,0,0,0,0,0,0,0,0,0,0,0,0,0,0,41,0,35,0,0,0,0,0,11,0,0,0,0,0,0,0,0,0,0,37,0,0,0,0,0,0,0,0,0,0,0,0,0,0,0,0,0,0,0,0,0,0,0,0,0,0,0,0,46,0,0,0,0,0,0,0,0,0,0,0,0,0,0,0,0,0,0,0,0,0,0,0,0,0,0,0,0,0,0,0,0,0,0,0,0,0,0,0,0,47,0,0,0,0,0,0,0,0,0,0,0,0,0,0,0,0,0,0,0,0,0,0,0,0,0,0,0,0,0,0,0,0,0,0,0,0,0,0,0,0,0,0,0,0,0,0,0,0,0,0,0,0,0,0,0,0,0,0,0,0,0,0,0,0,0,0,0,0,0,0,0,34,0
1356868800,0,0,0,0,0,48,0,0,0,0,37,0,0,0,0,0,0,0,0,0,0,0,0,0,0,0,0,0,0,0,0,0,0,0,0,0,0,0,0,0,0,0,0,0,0,0,0,0,0,0,0,0,0,0,43,0,0,0,0,0,0,0,14,0,38,0,0,9,31,0,38,0,0,0,0,0,0,0,0,7,0,0,0,0,0,0,0,0,0,0,0,0,0,0,0,0,0,0,0,0,0,0,0,0,46,0,0,0,0,0,0,0,0,34,38,0,0,0,0,0,0,0,3,0,0,0,0,0,21,0,0,0,0,0,0,0,42,0,0,10,30,0,0,0,0,0,0,39,20,0,0,0,0,0,40,0,0,0,0,10,38,0,0,0,0,0,0,0,0,0,0,0,0,0,0,0,0,0,0,0,0,0,0,0,0,0,0,0,0,0,0,0,0,0,0,0,0,0,0,0,0,0,0,0,0,0,0,0,0,0,0,0,0,0,0,0,0,0,0,0,0,0,0,0,0,0,0,0,0,0,0,0,0,0,0,0,0,0,0,50,18,23,2,33,9,17,30,0,31,37,22,0,0,0,0,34,45,27
1356868800,0,0,0,0,0,0,0,0,24,0,0,0,0,0,17,20,0,20,42,38,29,17,32,0,18,0,0,0,0,0,0,0,0,0,0,24,0,0,0,0,0,0,0,0,0,0,0,0,0,0,0,0,0,0,0,0,0,0,0,0,0,0,0,0,0,0,0,0,0,0,0,0,0,0,0,0,0,0,0,0,0,0,0,0,0,0,0,0,0,0,0,0,0,0,0,0,0,0,0,0,0,0,0,0,0,0,0,0,0,0,0,0,0,24,39,0,0,0,0,0,0,0,0,0,0,0,0,0,0,0,0,29,0,23,0,0,26,0,0,0,0,0,0,0,0,0,0,0,0,0,0,0,0,0,0,0,0,0,6,0,0,0,0,0,0,0,0,0,0,26,0,0,0,0,0,0,0,0,0,0,0,0,0,0,0,0,0,0,0,0,0,0,0,0,0,0,0,0,0,0,0,0,0,0,0,0,0,0,0,0,0,0,0,0,0,0,0,0,0,0,0,0,0,0,0,0,0,0,0,0,0,0,0,0,0,0,0,0,0,0,0,26,29,34,0,45,27,48,0,12,47,27,21,0,0,32,22,25
1356868800,0,0,0,0,0,0,0,0,0,0,0,0,0,0,0,0,0,0,0,0,0,0,0,0,0,0,0,0,0,0,0,0,0,0,0,0,0,0,0,0,0,0,0,0,0,0,0,0,0,0,0,0,0,0,0,0,0,0,0,0,0,0,0,0,0,0,0,0,0,0,0,0,0,0,0,0,0,0,0,0,0,0,0,0,0,0,0,0,0,0,0,0,0,0,0,0,0,0,0,0,0,0,0,0,0,0,0,0,0,0,0,0,0,0,40,0,0,0,0,0,0,0,0,0,0,0,0,0,0,0,0,0,0,0,0,0,0,0,0,0,0,0,0,0,0,0,0,0,0,0,0,0,0,0,0,0,0,0,0,0,0,0,0,0,0,0,0,0,0,0,0,0,0,0,0,0,0,0,0,0,0,0,0,0,0,0,0,0,0,0,0,0,0,0,0,0,0,0,0,0,0,0,0,0,0,0,0,0,0,0,0,0,0,0,0,0,0,0,0,0,0,0,0,0,0,0,0,0,0,0,0,0,0,0,0,0,0,0,0,0,0,0,0,0,0,0,20,14,30,41,11,47,0,0,0,0,0,0
1356868800,0,0,0,0,0,44,0,0,0,0,26,0,0,0,0,0,0,0,0,0,0,0,0,0,0,0,0,0,0,0,0,0,0,0,0,0,0,0,0,0,0,0,0,0,0,0,0,0,0,0,0,0,0,0,0,0,0,0,0,0,0,0,32,0,23,0,0,14,41,0,0,0,0,0,0,0,0,0,0,25,0,0,0,0,0,0,0,0,0,0,0,0,0,0,0,0,0,0,0,0,44,24,44,0,0,0,0,0,0,0,0,0,19,45,41,0,0,0,0,0,0,0,0,0,0,0,35,0,18,0,0,0,0,0,0,0,0,0,35,0,34,0,0,0,0,0,0,25,24,0,0,0,0,0,0,0,0,0,0,14,0,0,0,0,0,0,0,0,0,0,0,0,0,0,0,0,0,0,0,0,0,0,0,0,48,0,0,0,0,0,0,0,0,0,0,0,0,0,0,0,0,0,0,0,0,0,0,0,0,0,0,0,0,0,0,0,0,0,0,0,0,0,0,0,0,0,0,0,0,0,0,0,0,0,0,0,0,0,0,38,11,19,9,25,14,18,40,0,39,0,21,0,0,0,0,36,0,0
1356868800,0,0,0,31,10,19,43,9,35,0,17,0,0,0,0,0,0,0,0,0,0,0,0,0,0,0,0,16,0,0,0,0,0,0,39,0,0,0,0,0,0,0,48,0,47,34,6,5,0,50,0,25,0,0,27,0,29,41,0,24,0,0,16,0,13,0,15,12,46,2,20,0,22,31,0,0,15,36,19,28,0,0,0,0,0,0,0,0,0,0,0,0,0,0,0,0,0,0,0,29,0,0,0,0,0,0,43,22,0,0,14,0,0,17,42,0,0,0,7,0,24,0,0,7,0,0,0,0,36,27,29,33,0,0,39,0,0,0,34,0,31,0,16,35,0,0,0,0,34,0,0,0,0,0,0,46,0,0,0,19,50,0,0,21,0,0,0,10,0,31,0,0,0,0,0,0,0,41,0,0,0,0,0,0,0,0,0,0,44,0,27,14,8,0,0,0,30,0,0,41,31,36,49,43,0,0,0,7,30,48,34,0,0,17,0,0,0,0,0,0,0,0,0,25,0,0,0,0,0,0,0,0,0,0,38,12,0,46,10,3,4,17,16,28,27,15,44,30,11,17,28,0,0,44,44,22,9,9
1356868800,0,0,0,0,0,0,0,0,36,0,0,0,0,0,32,19,33,35,35,36,37,29,18,0,25,0,0,0,0,0,0,0,0,0,0,0,0,0,0,0,0,0,0,0,0,0,0,0,0,0,0,0,0,0,0,0,0,0,0,0,0,0,0,0,0,0,0,0,0,0,0,0,0,0,0,0,0,0,0,0,0,0,0,0,0,0,0,0,0,0,0,0,0,0,0,0,0,0,0,0,0,45,0,0,0,0,0,0,0,0,0,0,0,33,43,0,0,0,0,0,0,0,0,16,0,0,0,0,0,45,0,25,0,20,50,0,14,0,0,0,0,0,0,0,0,0,0,0,0,0,0,0,0,0,0,0,0,0,24,0,0,0,0,0,0,0,13,0,34,14,0,20,0,0,0,0,0,0,0,0,0,0,0,0,0,0,0,0,0,0,0,0,0,0,0,0,0,0,0,0,0,0,0,0,22,0,0,0,0,0,0,0,0,0,0,0,0,0,0,0,0,0,0,0,0,0,0,0,0,0,7,0,0,0,0,0,48,0,0,0,0,11,39,32,33,31,35,0,0,20,29,49,41,0,19,16,14,24
1356868800,0,0,0,0,0,0,0,0,28,0,0,0,0,0,23,36,13,24,0,26,32,15,25,0,15,0,0,0,0,0,0,0,0,0,0,42,0,0,0,0,0,0,0,0,0,0,0,0,0,0,0,0,0,35,0,0,0,0,0,0,0,0,0,0,0,0,0,0,0,0,0,0,0,0,0,0,0,0,0,0,0,0,0,0,0,0,0,0,0,0,0,0,0,0,0,0,0,0,0,0,0,0,0,0,0,0,0,0,0,0,26,0,3,37,44,0,0,0,0,0,0,0,0,34,0,0,0,0,0,49,7,34,0,13,0,0,0,0,0,0,0,0,0,0,0,0,0,0,0,0,0,0,0,0,0,0,0,0,0,0,0,0,0,0,0,0,0,0,49,37,0,9,0,0,0,0,0,0,0,0,0,0,0,0,0,0,0,0,0,0,0,0,0,0,0,0,0,0,0,0,0,0,0,0,0,0,0,0,0,0,0,0,0,0,0,0,0,0,0,0,0,0,0,0,0,0,0,0,0,0,0,0,0,0,0,0,45,0,29,0,0,24,0,39,32,34,11,28,0,11,26,29,32,37,32,21,11,17
1356868800,0,0,0,0,0,0,0,0,0,0,0,0,0,0,0,0,0,0,0,0,0,0,0,0,0,0,0,0,0,0,0,0,0,0,0,0,0,0,0,0,0,0,0,0,0,0,0,0,0,0,0,0,0,0,0,0,0,0,0,0,0,0,0,0,0,16,0,0,0,0,0,0,0,0,0,0,0,0,0,0,0,0,0,0,0,0,0,0,0,0,0,0,0,0,0,0,0,0,0,0,0,0,0,0,0,0,0,0,0,0,0,0,0,0,45,0,0,0,0,0,0,0,0,0,0,0,0,0,0,0,0,0,0,0,0,0,0,0,0,0,0,0,0,0,0,0,0,0,0,0,0,0,0,0,0,0,0,0,0,0,0,0,0,0,0,0,0,0,0,0,0,0,4,0,0,0,0,0,0,0,0,0,0,0,0,0,0,0,0,0,0,0,0,0,0,0,0,0,0,0,0,0,0,0,0,0,0,0,0,0,0,0,0,0,0,0,0,0,0,0,0,0,0,0,0,0,0,0,0,0,0,0,0,0,0,0,0,0,0,0,0,0,0,31,42,37,0,0,0,0,0,0,0,48,0,0,36,0
1356868800,14,8,10,0,0,18,0,0,0,0,49,0,0,0,0,0,0,0,0,0,0,0,49,0,0,5,0,2,5,0,3,13,0,6,50,17,0,0,0,0,0,0,0,0,29,0,0,0,0,0,3,8,0,11,0,0,0,39,0,16,0,0,0,0,0,0,0,23,0,0,0,0,6,0,0,18,7,0,0,0,10,0,0,0,0,0,0,0,0,0,0,0,0,0,0,19,0,6,0,4,26,43,0,0,0,4,5,0,0,0,0,0,0,0,46,0,0,0,0,0,0,0,8,0,0,0,0,0,48,0,0,0,0,0,0,0,0,0,0,0,37,0,0,0,14,29,0,35,0,41,0,41,0,33,0,47,0,0,0,0,0,0,0,0,0,37,0,0,0,0,0,0,0,0,10,23,0,7,21,3,23,36,12,16,0,0,17,0,26,21,11,29,41,0,24,0,0,20,0,20,16,8,16,7,21,23,2,33,33,4,16,11,11,20,11,8,0,0,0,31,22,14,0,5,19,8,0,0,24,14,35,22,17,37,7,5,0,4,0,0,0,0,0,0,0,0,0,0,0,0,0,0,0,0,0,0,0,0
1356868800,0,0,0,0,0,0,0,0,0,0,0,0,0,0,0,0,0,0,0,0,0,0,0,0,0,0,0,0,0,0,0,0,0,0,0,0,0,0,0,0,0,0,0,0,0,0,0,0,0,0,0,0,0,0,0,0,0,0,0,0,0,0,0,0,0,0,0,0,0,0,0,0,0,0,0,0,0,0,0,0,0,0,0,0,0,0,0,0,0,0,0,0,0,0,0,0,0,0,0,0,0,0,0,0,0,0,0,0,0,0,0,0,0,0,47,0,0,0,0,0,0,0,0,0,0,0,0,3,0,0,0,0,0,0,0,0,0,0,0,0,0,0,0,0,0,0,0,0,0,0,0,0,0,0,0,0,0,0,0,0,0,0,0,0,0,0,0,0,0,0,0,0,0,0,0,0,0,0,0,0,0,0,0,0,0,0,0,0,0,0,0,0,0,0,0,0,0,0,0,0,0,0,0,0,0,0,0,0,0,0,0,0,0,0,0,0,0,0,0,0,0,0,0,0,0,0,0,0,0,0,0,0,0,0,0,0,0,0,0,33,0,0,0,0,0,0,0,0,0,0,0,0,0,0,0,27,0,0
1356868800,0,0,0,0,0,0,0,0,0,0,0,0,0,0,30,0,48,0,0,0,49,45,0,0,0,0,0,0,0,0,0,0,0,0,0,0,0,0,0,0,0,0,38,20,0,0,0,0,0,0,0,0,0,0,0,0,0,0,0,0,0,0,0,0,0,0,0,0,0,0,0,0,0,0,0,0,0,0,0,23,0,0,0,0,0,0,0,0,0,0,0,0,0,0,0,21,0,46,0,39,24,20,0,0,0,0,0,0,0,0,34,0,0,0,48,0,0,0,0,0,0,0,0,0,0,0,0,0,0,0,0,0,0,0,0,0,0,0,0,0,0,0,0,0,0,0,0,0,0,0,0,0,0,0,0,0,0,0,0,0,0,0,0,0,0,0,0,22,46,17,0,0,0,0,0,0,0,0,0,0,0,0,0,0,0,0,0,0,0,0,0,0,0,0,0,0,0,0,0,32,0,0,0,0,31,0,0,0,0,0,0,0,43,0,0,0,0,0,0,0,0,0,0,0,0,0,0,0,0,0,0,0,0,44,0,0,0,0,0,0,0,0,0,17,0,0,0,0,47,0,43,0,0,0,14,49,0,38
1356868800,0,0,0,0,0,0,0,0,50,0,0,0,0,0,0,47,32,28,49,39,20,0,0,0,30,0,0,50,0,0,47,0,49,0,0,0,0,0,18,22,14,0,2,0,0,26,0,30,10,14,0,0,29,25,0,8,0,48,0,0,0,0,0,0,0,0,0,0,30,0,47,0,0,0,5,0,0,0,0,0,0,0,0,0,0,0,0,0,0,0,0,0,0,0,0,3,0,45,0,0,12,42,0,0,0,0,0,29,20,35,0,0,0,0,49,0,0,0,0,0,0,0,0,0,0,0,0,0,0,0,0,0,0,0,0,0,0,0,5,43,29,9,21,5,0,0,0,0,0,0,0,0,46,0,0,31,3,0,0,30,22,0,0,26,0,42,0,6,25,27,0,2,0,0,42,0,30,0,20,30,0,30,34,49,13,0,32,0,0,19,24,36,14,7,39,0,0,0,36,23,42,25,27,0,0,0,0,35,11,0,0,27,12,0,0,48,0,0,0,22,0,0,0,0,8,38,0,35,0,0,50,25,0,0,45,0,10,50,0,0,0,0,0,0,0,0,0,0,42,0,0,0,0,0,0,0,0,0
1356868800,0,0,0,0,0,0,0,0,0,0,0,0,0,0,0,0,0,0,0,0,0,0,0,0,0,0,0,0,0,0,0,0,0,0,0,0,0,0,0,0,0,0,0,0,0,0,0,0,0,0,0,0,0,0,0,0,0,0,0,0,0,0,0,0,0,0,0,0,0,0,0,0,0,0,0,0,0,0,0,0,0,0,0,0,0,0,0,0,0,0,0,0,0,0,0,0,0,0,0,0,0,0,0,0,0,0,24,25,0,0,49,0,36,0,50,0,0,0,0,0,0,0,0,0,0,0,0,0,0,0,0,0,0,0,0,0,0,0,0,0,0,0,0,0,0,0,0,0,0,0,0,0,0,0,0,0,0,0,0,0,0,0,0,0,0,0,0,0,0,0,0,0,0,0,0,0,0,0,0,0,0,0,0,0,0,0,0,0,0,0,0,0,0,0,0,0,0,0,0,0,0,0,0,0,0,0,0,0,0,0,0,0,0,0,0,0,0,0,0,0,0,0,0,0,0,0,0,0,0,0,0,0,0,0,0,0,0,0,0,0,0,0,0,0,0,0,0,0,0,0,0,0,0,0,0,0,0,0
