1356868800,19,15,5,1,43,3,0,14,14,6,5,0,0,0,2,2,1,1,1,1,1,1,1,1,1,16,0,15,47,0,0,24,39,13,3,4,0,0,3,3,1,0,1,3,1,1,9,4,1,3,22,7,2,6,7,12,9,18,33,5,10,0,3,1,1,0,1,3,3,12,1,0,4,5,0,0,1,5,0,0,0,0,1,0,0,0,0,0,0,0,0,0,0,0,0,0,0,4,0,0,4,37,0,2,2,19,2,2,2,1,6,0,0,2,3,0,0,0,38,0,0,28,12,45,0,26,0,0,20,13,0,22,0,0,22,35,1,0,2,1,1,1,2,1,3,2,0,1,1,8,13,2,3,8,2,7,1,0,22,3,4,0,0,3,0,26,2,1,1,1,0,1,0,0,2,46,3,16,7,13,2,13,7,3,19,0,2,0,3,3,7,5,22,16,15,48,0,39,9,10,12,23,4,31,34,9,0,0,4,43,8,4,5,19,22,10,13,0,12,26,10,0,0,17,48,10,0,0,33,0,15,21,0,0,22,0,40,11,0,0,0,0,0,0,43,38,45,28,10,1,2,1,1,1,1,1,4,1
1356868800,7,16,9,0,0,32,0,7,0,0,10,0,0,0,41,46,11,17,11,12,11,42,22,0,24,17,6,40,20,6,28,0,0,0,0,0,0,0,7,5,4,0,5,2,5,8,34,2,34,5,0,0,5,20,14,2,22,6,0,13,2,0,38,6,0,0,20,37,14,19,9,0,7,3,0,28,2,12,0,0,0,0,19,0,0,0,0,0,0,0,0,0,35,0,0,25,0,12,0,3,13,9,0,25,11,27,7,7,6,3,0,0,0,21,9,0,0,0,0,0,0,42,0,0,0,0,0,0,0,0,0,0,0,0,0,4,5,1,1,2,4,2,1,8,0,1,0,4,2,20,7,12,28,16,11,13,5,0,4,6,10,0,0,23,0,45,33,0,20,5,0,0,0,0,3,13,17,12,3,4,1,2,2,6,4,0,3,0,2,5,5,2,9,1,18,0,0,0,19,15,9,9,5,18,18,18,30,10,9,31,5,5,2,0,10,7,7,0,5,8,7,19,39,9,4,13,0,10,10,0,40,9,7,5,0,39,6,6,0,0,0,0,0,0,0,0,0,0,0,0,0,0,38,49,5,5,2,2
1356868800,28,36,14,0,0,31,21,10,0,4,15,14,0,0,0,14,19,37,28,34,23,0,0,26,23,11,0,27,32,26,10,35,0,50,38,11,0,0,4,25,3,0,3,10,3,25,26,10,18,6,10,31,3,8,8,35,44,12,0,7,36,0,17,0,15,0,5,8,8,27,4,0,13,22,10,8,6,25,29,40,0,0,0,0,25,34,0,3,0,41,14,0,39,0,34,0,0,18,0,0,0,18,2,0,27,31,20,41,16,21,0,0,0,0,0,0,0,0,0,0,0,0,0,0,0,0,0,0,0,0,0,0,0,0,0,46,17,0,8,12,6,4,3,0,0,3,0,12,3,0,0,29,0,0,20,44,0,0,15,12,0,0,0,5,0,14,0,0,0,40,0,0,0,0,4,3,8,8,4,7,8,1,6,27,6,19,6,32,4,2,1,13,0,9,36,0,11,0,41,19,28,12,17,11,0,22,22,13,14,22,26,12,14,5,0,18,14,0,0,25,28,7,15,18,0,15,0,13,0,27,12,35,10,21,26,49,4,20,2,2,1,2,10,3,9,16,7,3,3,3,6,20,11,9,10,4,3,6
1356868800,29,31,30,15,28,0,0,36,0,0,0,0,0,0,12,12,17,8,10,15,6,11,16,30,9,27,0,0,0,11,42,49,0,0,6,33,0,4,1,2,2,0,7,35,0,20,0,0,8,0,0,0,33,39,48,16,24,0,0,0,0,0,0,14,36,0,14,0,27,41,29,0,17,2,0,40,19,8,0,0,0,0,3,0,0,0,0,0,0,0,0,0,15,0,0,0,0,0,0,0,0,0,6,15,0,12,22,4,23,18,0,0,0,0,0,0,0,0,43,0,0,39,0,0,0,0,0,0,0,0,0,0,0,0,0,33,7,9,4,7,7,3,7,0,0,10,0,10,4,43,28,31,25,7,0,38,0,0,8,0,11,0,0,0,0,0,0,0,0,25,0,0,0,0,26,33,9,27,13,19,7,48,25,24,8,22,7,5,11,8,22,3,29,0,9,0,47,0,22,14,23,16,12,24,40,29,0,0,12,23,14,9,17,31,12,17,16,0,7,18,13,17,40,27,0,20,0,15,14,11,18,13,29,0,40,0,20,5,0,0,0,0,0,0,0,45,0,50,31,14,42,45,20,4,4,3,17,4
1356868800,6,5,16,9,3,2,0,5,32,32,2,8,0,0,0,0,0,0,0,45,0,0,0,0,0,13,41,10,0,33,34,19,0,12,0,0,0,0,0,0,0,0,49,26,15,15,50,0,0,0,27,0,21,48,35,17,3,0,0,14,32,0,2,0,2,0,7,1,2,1,5,0,12,6,0,24,8,43,33,10,0,0,28,0,0,0,0,0,0,0,0,0,0,0,0,0,0,0,0,0,1,5,45,19,8,37,25,23,0,25,15,0,20,7,6,0,0,0,9,20,16,4,35,39,0,0,0,1,5,21,11,0,0,0,21,3,31,30,9,3,3,22,9,16,0,26,0,2,5,0,0,32,24,0,5,0,0,24,0,1,1,0,0,8,0,0,0,27,29,11,0,0,0,0,7,14,0,17,19,6,21,6,11,22,5,0,12,0,17,20,19,32,4,0,0,0,48,0,0,11,46,48,13,14,0,27,0,36,48,19,32,25,31,43,0,16,25,0,49,43,0,0,0,42,0,42,0,0,0,0,0,0,0,0,23,36,29,0,19,1,3,3,1,1,1,6,4,1,1,7,4,2,3,5,7,7,1,3
1356868800,0,25,19,0,0,14,26,2,18,1,9,0,6,0,0,0,0,0,0,0,0,0,0,0,0,4,21,9,17,13,5,2,0,10,16,12,0,0,0,0,0,50,0,7,7,7,4,1,2,4,4,3,4,4,4,7,2,5,0,3,0,0,43,0,0,0,50,5,0,5,33,0,5,14,0,15,25,15,0,0,0,0,0,0,0,0,0,0,0,0,0,0,0,0,0,8,0,1,0,11,16,0,0,4,39,3,16,47,29,28,33,0,0,10,12,0,0,0,0,0,0,0,6,0,0,0,6,0,0,41,15,39,0,0,0,1,35,3,0,6,9,27,5,3,1,11,0,3,6,9,0,36,15,0,31,20,14,0,31,13,18,0,0,2,0,0,0,0,17,12,0,0,0,0,18,38,0,49,15,9,43,22,21,5,28,27,27,0,15,16,12,10,7,0,7,32,8,9,0,44,6,2,6,4,2,15,17,6,5,5,7,7,9,7,7,5,9,0,3,13,1,12,0,6,0,3,0,9,5,20,27,7,6,0,9,7,18,7,3,14,6,7,25,13,36,13,14,4,5,5,3,5,4,3,3,2,7,13
1356868800,0,0,34,4,0,40,0,45,0,29,0,0,0,0,0,0,0,0,0,0,0,0,0,0,0,0,0,0,0,0,0,0,0,0,0,0,0,0,0,0,0,0,0,0,2,5,39,0,15,9,0,6,11,5,21,0,26,11,1,11,21,0,28,9,12,0,2,25,12,0,12,0,28,0,0,0,0,0,0,0,0,0,0,0,0,0,0,0,0,0,0,0,0,0,0,0,0,0,0,0,0,0,0,0,23,0,40,8,5,5,0,0,0,0,0,0,0,0,0,0,0,0,0,0,0,0,0,0,0,0,0,0,0,0,0,0,4,0,7,5,2,11,6,48,0,8,0,5,7,2,5,3,7,3,1,10,0,0,0,25,6,0,0,0,0,0,0,0,0,0,0,0,0,0,12,19,0,22,22,45,17,26,14,20,44,24,13,0,9,12,0,40,12,0,0,0,0,0,0,34,0,0,38,0,0,0,0,0,37,0,0,48,27,47,37,0,0,0,36,0,0,0,0,0,0,0,0,0,0,0,0,40,35,0,0,0,0,0,0,0,0,0,0,0,0,19,15,9,6,4,0,43,10,10,17,0,19,15
1356868800,1,1,1,0,2,5,7,27,0,8,14,6,0,0,0,0,0,0,0,0,0,0,0,0,0,6,2,7,4,3,6,3,8,3,2,0,0,0,0,0,9,0,16,5,40,22,0,15,0,44,0,0,10,0,19,0,5,44,0,46,0,0,8,0,3,0,8,4,1,4,3,0,3,4,0,2,9,2,0,0,0,0,0,0,0,0,0,0,0,0,0,0,0,0,0,0,0,9,0,0,0,0,0,13,25,1,1,1,21,19,0,0,0,0,36,0,0,0,0,0,10,0,0,0,0,0,0,0,50,0,0,0,0,0,0,19,16,0,12,13,13,10,8,2,0,6,0,23,8,17,24,8,13,0,14,3,12,1,14,9,2,0,0,7,0,0,0,0,0,46,0,0,0,0,15,5,6,14,2,10,6,10,23,4,16,8,14,0,7,9,34,12,2,3,2,40,5,5,8,2,2,4,2,5,16,12,7,12,3,10,2,6,7,2,6,9,3,0,6,6,8,5,4,4,0,4,0,12,15,2,2,4,4,0,10,4,9,8,0,24,39,21,0,25,0,34,0,0,39,0,0,0,29,16,23,11,18,14
1356868800,12,10,18,0,0,9,0,0,0,0,8,27,0,0,0,0,0,0,0,0,0,0,0,0,0,0,0,17,0,0,29,29,0,42,0,0,0,0,0,0,0,0,0,29,0,0,0,42,0,0,0,0,0,0,0,0,13,0,0,44,33,0,11,0,8,0,27,2,20,6,15,0,45,24,0,48,12,7,16,18,0,0,0,0,0,0,0,0,0,0,0,0,0,0,0,0,0,33,0,15,7,7,4,29,19,0,35,0,0,0,31,0,35,11,11,0,0,0,24,41,33,0,11,0,0,0,46,13,2,0,0,0,0,0,0,16,22,44,19,16,12,0,17,0,0,0,0,7,9,0,0,0,0,0,39,0,10,0,21,2,5,0,0,0,0,0,0,28,0,0,0,0,0,0,20,0,0,43,0,14,15,11,19,0,36,0,28,0,43,50,39,0,0,0,0,0,0,0,0,0,0,0,50,0,0,0,0,0,50,0,0,0,0,0,0,0,0,0,0,0,0,0,0,0,0,0,0,0,0,0,0,0,0,0,0,0,0,0,0,4,30,11,2,2,3,14,9,10,4,17,14,15,7,25,13,23,12,21
1356868800,40,24,49,12,34,21,0,0,0,24,50,0,0,0,0,37,40,41,0,50,0,0,0,11,26,0,0,0,0,0,0,0,0,0,0,36,0,0,0,0,0,0,0,13,0,0,0,0,0,0,0,0,0,0,0,0,0,0,0,0,0,0,0,0,0,0,0,0,43,16,0,0,48,0,0,6,28,0,21,0,0,0,0,0,0,0,0,0,0,0,0,0,0,0,0,5,0,13,0,0,5,0,0,0,44,0,29,24,0,0,0,0,0,0,0,0,0,0,3,0,1,9,0,0,16,0,10,0,16,14,0,0,0,43,11,0,0,2,10,18,15,0,10,23,0,9,0,8,10,0,0,0,0,0,0,0,0,0,48,0,0,0,0,0,0,0,0,0,5,23,0,0,0,0,0,0,0,0,28,0,0,28,0,39,0,0,0,0,0,0,0,0,0,0,0,0,0,0,11,45,0,0,0,0,0,0,27,0,0,0,0,0,0,28,0,0,0,0,0,0,49,0,0,0,0,0,0,0,30,8,0,0,0,0,0,0,0,0,7,23,4,16,46,32,44,46,31,13,26,11,43,21,13,2,20,8,33,46
1356868800,0,0,0,0,0,0,0,0,49,0,0,0,0,0,0,0,0,0,0,0,0,0,0,47,0,0,0,0,0,0,0,0,0,21,0,0,0,0,0,0,0,0,0,12,34,16,7,0,21,16,12,37,12,9,0,47,0,23,0,9,25,0,0,0,0,0,0,0,0,21,0,0,46,43,0,25,0,21,0,0,0,0,0,0,0,0,0,0,0,0,0,0,0,0,0,39,0,49,0,0,0,0,0,18,0,0,36,0,13,14,0,0,0,0,0,0,0,0,0,0,0,0,0,0,0,0,0,0,0,32,0,9,0,21,27,0,33,14,11,27,5,5,4,10,0,4,0,15,11,14,21,27,27,0,17,8,24,0,7,0,0,0,0,11,0,0,0,0,0,22,0,0,0,0,16,12,0,38,40,0,38,0,0,31,32,0,26,0,0,44,21,22,0,29,0,0,9,14,28,0,35,28,21,27,0,41,38,0,20,34,0,32,15,29,0,0,33,0,0,0,0,24,17,0,0,40,0,0,0,15,0,24,23,11,15,0,12,24,1,3,2,1,12,5,10,8,12,5,7,6,1,17,2,6,6,22,26,5
1356868800,2,2,2,0,0,34,0,12,0,0,32,0,0,0,0,0,0,0,0,0,0,0,0,0,0,7,14,11,18,15,4,21,30,37,0,0,0,0,0,0,50,0,0,0,8,0,48,45,37,0,6,36,0,0,18,0,0,30,0,19,0,0,0,0,0,0,0,42,0,0,0,0,21,21,0,5,27,14,2,0,0,0,0,0,0,0,0,0,0,0,0,0,0,0,0,35,0,22,0,0,0,31,0,7,20,50,28,48,22,17,0,0,0,0,0,0,0,0,50,11,5,0,5,26,0,22,2,0,12,0,0,0,0,0,0,6,0,4,0,26,16,20,27,7,0,0,0,0,12,0,0,43,0,0,0,0,0,0,0,24,16,0,0,0,0,0,0,0,13,29,0,0,0,0,23,41,7,28,41,16,26,0,0,0,0,20,44,7,0,0,0,42,39,0,19,0,0,0,12,18,22,24,15,8,0,17,0,0,21,2,0,10,28,27,14,6,18,0,22,24,16,27,0,21,0,16,0,5,16,0,33,0,25,0,6,9,0,9,0,0,0,0,0,0,0,0,0,0,0,0,19,50,0,12,29,39,14,11
1356868800,39,38,17,17,24,50,0,0,0,0,16,0,0,0,0,0,0,0,0,0,0,0,0,0,0,0,0,0,0,0,0,0,0,0,0,0,0,0,0,0,0,0,28,0,20,4,0,0,0,49,0,0,0,29,0,0,0,0,0,0,0,0,0,39,10,0,22,0,16,0,10,0,23,17,0,0,0,0,0,0,0,0,0,0,0,0,0,0,0,0,0,0,0,0,0,0,0,0,0,0,0,0,0,0,24,6,4,9,4,6,0,0,0,0,0,0,0,0,0,0,0,0,0,0,0,0,0,0,0,0,0,0,0,0,0,0,21,0,6,0,26,13,12,0,0,45,0,30,13,1,1,1,1,6,4,2,35,0,0,0,7,0,0,0,0,0,14,0,0,0,0,0,0,0,25,25,14,32,26,41,9,27,0,9,34,39,11,0,8,7,15,17,0,37,0,0,0,0,0,25,0,42,42,0,0,0,16,0,22,0,0,29,16,0,33,0,0,0,48,0,0,0,0,0,0,0,0,0,0,0,0,15,0,0,0,0,49,0,0,0,0,0,0,0,0,0,0,0,0,0,0,0,0,0,0,0,0,9
1356868800,11,4,11,0,41,0,0,0,0,36,0,0,0,0,10,26,20,14,9,17,9,27,21,27,14,9,0,46,0,21,41,20,22,39,0,0,0,0,25,1,5,0,4,23,25,47,0,0,12,0,0,0,0,44,0,0,0,0,0,0,0,0,0,0,0,0,47,0,0,0,25,0,10,7,0,0,0,26,0,0,0,0,0,0,0,45,0,0,0,0,0,0,0,0,44,0,0,0,0,0,0,0,0,24,0,8,14,12,14,16,0,0,0,0,0,0,0,0,0,0,0,0,0,0,0,0,0,0,0,0,0,0,0,0,0,0,15,0,3,14,14,6,14,6,0,7,0,34,14,0,41,0,0,35,23,49,0,0,0,0,32,0,0,6,0,49,0,0,0,0,0,0,0,0,8,4,24,10,5,15,3,7,10,7,2,46,5,0,6,4,4,20,0,15,43,0,0,35,0,24,0,0,22,37,42,4,0,46,24,0,12,20,22,0,42,31,29,0,27,27,0,0,22,12,0,19,0,21,0,0,0,0,28,0,47,0,25,14,0,0,0,0,0,37,32,40,23,15,16,2,13,10,5,7,26,19,0,12
1356868800,46,27,0,0,0,17,0,48,1,5,13,0,0,0,1,3,2,2,4,4,2,2,3,3,2,23,0,21,6,14,0,0,37,48,0,1,0,0,0,19,19,0,0,11,26,6,17,0,11,0,30,24,36,7,40,15,39,16,0,37,0,0,0,0,40,0,33,17,0,0,36,0,50,41,0,17,3,6,0,12,0,0,0,0,0,0,0,0,0,0,0,0,0,0,0,13,0,5,0,33,0,1,0,0,0,5,3,32,0,43,3,0,0,3,4,0,0,0,27,0,40,0,0,41,0,0,28,0,47,2,13,1,0,3,2,0,9,5,0,17,25,0,24,19,0,17,0,36,15,24,48,47,37,32,25,30,0,0,0,15,29,0,0,18,0,0,3,0,2,3,0,5,0,0,39,0,12,0,31,0,12,35,43,17,24,37,19,0,28,34,17,0,20,0,0,0,0,0,0,0,0,33,48,0,5,32,0,18,25,0,23,0,0,0,43,23,36,0,21,0,43,0,0,26,0,0,0,0,0,0,9,0,36,0,0,0,11,0,10,21,37,17,21,42,18,27,26,8,44,8,8,4,6,8,2,6,6,7
1356868800,0,0,0,35,0,42,0,0,0,0,24,15,0,0,0,0,0,0,0,0,0,0,0,0,0,0,0,0,0,0,0,0,0,0,0,0,0,0,0,0,0,0,0,0,0,0,0,0,0,0,0,0,0,0,0,36,11,0,0,0,0,0,13,0,20,0,0,6,22,0,43,0,0,0,0,0,0,0,0,16,0,0,0,0,0,0,0,0,0,0,0,0,0,0,0,0,0,38,0,0,20,0,12,0,43,0,0,0,0,0,41,0,0,31,20,0,0,0,0,0,0,0,10,0,0,0,0,18,14,0,0,0,0,0,0,44,0,0,37,46,21,0,40,0,0,0,0,24,16,0,0,0,0,0,0,0,0,0,0,7,31,0,0,0,0,0,0,0,0,0,0,0,0,0,0,0,0,0,0,46,0,0,0,0,0,0,0,0,0,0,0,0,0,0,0,0,0,0,0,0,0,0,0,0,0,0,0,0,0,0,0,0,0,0,0,0,0,0,0,0,0,0,0,0,0,0,0,0,0,0,0,0,0,0,0,0,0,0,0,6,29,13,3,4,5,18,13,16,22,31,16,44,15,43,35,28,5,19
1356868800,0,0,0,0,0,0,0,0,19,0,0,0,0,0,7,8,7,3,8,2,7,7,6,5,5,0,0,0,22,0,0,0,0,47,0,8,0,0,0,30,45,0,0,0,0,28,0,0,0,0,24,23,19,0,0,0,0,31,0,0,0,0,0,0,0,0,0,0,0,0,0,0,44,0,0,0,0,0,0,0,0,0,0,0,0,0,0,0,0,0,0,0,0,0,0,27,0,0,0,6,0,0,0,37,0,0,23,0,0,0,16,0,31,22,22,0,0,0,0,0,0,0,0,9,0,25,0,0,0,30,10,10,0,2,28,0,8,0,0,0,0,0,0,0,0,0,0,0,17,16,40,16,40,50,27,19,0,0,0,0,0,0,0,0,0,0,0,8,19,4,0,0,0,0,0,0,0,0,45,0,33,0,0,42,0,0,0,0,0,0,47,0,26,0,0,0,0,0,0,0,0,0,0,0,0,0,0,0,0,0,0,0,0,0,45,0,0,0,0,0,0,0,0,0,0,0,0,0,0,0,0,0,0,0,0,0,0,0,0,0,0,0,0,0,0,0,0,0,0,0,18,30,19,13,18,13,21,22
1356868800,24,35,24,0,0,27,0,0,0,0,29,0,0,0,0,0,0,0,0,0,0,0,0,0,0,8,0,12,9,45,9,6,18,14,0,0,0,0,0,0,0,0,0,0,14,0,0,28,20,33,13,30,0,0,37,41,0,24,3,28,0,0,0,0,0,0,0,43,0,0,0,0,19,42,0,11,0,44,0,0,0,0,0,0,0,0,0,0,0,0,0,0,0,0,0,15,0,32,0,0,0,0,0,40,42,0,0,0,41,23,0,0,0,0,0,0,0,0,35,4,32,0,19,0,0,0,24,0,22,0,0,0,0,0,0,24,0,16,24,21,8,17,13,12,0,0,0,31,18,38,0,37,0,0,26,0,0,0,0,22,8,0,0,0,0,0,0,0,0,0,0,0,0,0,34,0,0,36,0,17,0,0,0,0,0,5,40,0,0,40,0,25,0,27,14,0,26,0,18,17,17,6,14,3,0,34,0,0,13,7,24,15,19,26,18,4,21,0,10,5,0,25,37,7,0,17,0,20,9,12,0,11,32,0,5,6,28,12,0,0,49,47,0,0,0,0,0,0,0,0,0,0,0,0,0,31,0,31
1356868800,0,0,0,0,0,0,0,0,0,31,0,0,0,0,0,0,0,0,0,0,0,0,0,0,0,0,0,0,0,34,0,14,0,0,0,0,0,0,0,0,0,0,0,0,0,0,0,0,0,0,0,0,0,0,0,0,0,0,0,0,0,0,0,0,0,0,0,0,0,0,0,0,0,0,0,0,0,0,37,0,0,0,0,0,0,0,0,0,0,0,0,0,0,0,0,0,0,0,0,0,29,6,0,0,0,0,0,0,0,0,0,0,0,0,0,0,0,0,0,0,14,3,0,0,0,29,36,0,27,0,0,0,0,0,0,0,0,31,0,0,0,0,33,0,0,0,0,29,19,0,0,0,0,0,0,0,0,0,40,0,0,0,0,0,0,0,0,0,37,0,0,0,0,0,0,0,0,0,0,0,0,0,0,0,0,0,0,0,0,0,0,0,0,0,41,0,0,0,0,0,0,0,0,0,0,0,0,0,0,0,0,0,0,0,0,0,0,0,0,0,44,0,0,0,0,0,0,0,0,26,0,0,0,0,0,0,0,0,30,0,47,0,41,0,0,0,0,0,0,0,0,0,32,14,0,40,0,0
1356868800,0,0,0,0,0,48,0,0,0,0,37,0,0,0,0,0,0,0,0,0,0,0,0,0,0,0,0,0,0,0,0,0,0,0,0,0,0,0,0,0,0,0,0,0,0,0,0,0,0,0,0,0,0,0,43,0,0,0,0,0,0,0,14,0,38,0,0,9,31,0,38,0,0,0,0,0,0,0,0,7,0,0,0,0,0,0,0,0,0,0,0,0,0,0,0,0,0,0,0,0,0,0,0,0,46,0,0,0,0,0,0,0,0,34,38,0,0,0,0,0,0,0,3,0,0,0,0,0,21,0,0,0,0,0,0,0,42,0,0,10,30,0,0,0,0,0,0,39,20,0,0,0,0,0,40,0,0,0,0,10,38,0,0,0,0,0,0,0,0,0,0,0,0,0,0,0,0,0,0,0,0,0,0,0,0,0,0,0,0,0,0,0,0,0,0,0,0,0,0,0,0,0,0,0,0,0,0,0,0,0,0,0,0,0,0,0,0,0,0,0,0,0,0,0,0,0,0,0,0,0,0,0,0,0,0,0,0,0,0,7,19,33,6,9,11,26,20,35,23,40,27,0,0,0,0,0,13,35
1356868800,4,6,6,0,30,8,0,0,0,33,12,0,0,0,0,0,0,0,0,0,0,0,23,0,0,1,49,1,2,4,1,5,0,4,35,16,0,0,0,0,0,0,0,0,9,18,0,16,0,0,0,0,50,37,0,0,0,50,0,21,0,0,0,0,0,0,0,11,0,0,0,0,2,44,0,0,10,0,10,0,3,0,0,0,0,0,0,0,0,0,0,0,0,0,0,7,0,2,0,17,42,2,0,0,28,2,13,43,0,27,0,0,0,39,0,0,0,0,31,0,0,0,13,0,0,37,0,0,13,0,0,0,0,0,0,32,0,0,0,0,11,0,28,0,40,13,0,41,21,28,0,24,0,17,37,0,0,0,0,46,42,0,0,0,0,40,0,0,0,0,0,0,0,0,5,11,15,6,11,2,30,39,9,0,37,28,8,0,12,15,10,15,10,12,22,26,7,3,4,9,5,11,11,2,19,5,20,39,8,3,9,3,6,11,23,3,0,0,14,20,18,9,0,3,14,2,0,11,6,3,0,18,13,28,3,2,34,3,0,0,25,0,0,0,0,0,0,0,0,0,0,0,0,0,0,0,39,0
1356868800,0,0,0,0,0,0,23,0,40,0,0,0,0,0,0,42,43,0,0,0,42,0,0,39,0,0,0,39,0,0,0,0,0,0,0,48,0,8,0,31,0,0,19,15,0,0,0,0,0,0,0,0,0,0,0,0,27,0,0,0,0,0,0,7,0,0,0,0,0,0,0,0,0,0,0,0,0,37,0,0,0,0,0,0,0,0,0,0,0,0,0,0,0,0,0,0,0,50,0,48,46,0,0,0,0,0,0,0,0,0,0,0,0,0,0,0,0,0,0,0,0,0,0,0,0,0,0,0,0,38,0,0,0,0,42,5,0,0,26,36,0,21,50,27,0,42,0,0,22,0,0,0,0,0,0,0,0,0,0,16,0,0,0,0,0,0,0,0,30,43,0,10,0,0,0,0,0,0,49,0,0,0,0,36,31,0,0,0,0,49,30,0,0,0,0,0,0,0,0,0,0,0,0,0,0,0,0,0,0,0,0,0,0,0,0,0,0,0,0,0,0,0,0,0,0,0,0,0,0,0,45,0,0,0,0,0,0,0,0,0,0,0,0,0,0,0,0,17,48,22,20,49,30,19,44,0,28,39
1356868800,0,0,0,0,0,0,0,6,6,0,0,0,0,0,0,0,0,0,0,0,0,0,0,0,0,0,0,0,0,0,0,0,0,0,0,0,0,0,0,0,0,0,0,33,0,0,0,0,0,0,0,0,27,0,0,0,0,27,0,0,0,0,0,0,45,0,0,0,0,0,0,0,0,0,0,0,0,0,0,21,0,0,0,0,0,0,0,0,0,0,0,0,0,0,0,0,0,0,0,0,0,0,0,0,0,0,38,0,0,0,25,0,0,29,7,0,0,0,0,0,0,0,0,0,0,0,0,0,0,8,5,6,0,4,5,0,0,21,0,0,0,0,0,0,0,0,0,0,23,0,0,0,0,0,0,0,0,0,0,0,0,0,0,0,0,0,0,0,0,41,0,0,0,0,0,0,16,0,0,0,0,0,0,21,0,0,0,46,0,0,0,0,0,0,0,0,0,0,0,0,0,0,0,0,0,0,0,0,0,0,0,0,0,0,0,0,0,0,0,0,0,0,0,0,0,0,0,0,0,0,0,0,0,0,0,0,0,0,0,0,0,0,0,0,0,0,0,0,0,0,0,0,0,0,0,0,0,0
1356868800,0,0,0,0,0,44,0,0,0,0,26,0,0,0,0,0,0,0,0,0,0,0,0,0,0,0,0,0,0,0,0,0,0,0,0,0,0,0,0,0,0,0,0,0,0,0,0,0,0,0,0,0,0,0,0,0,0,0,0,0,0,0,32,0,23,0,0,14,41,0,0,0,0,0,0,0,0,0,0,25,0,0,0,0,0,0,0,0,0,0,0,0,0,0,0,0,0,0,0,0,44,24,44,0,0,0,0,0,0,0,0,0,19,45,41,0,0,0,0,0,0,0,0,0,0,0,35,0,18,0,0,0,0,0,0,0,0,0,35,0,34,0,0,0,0,0,0,25,24,0,0,0,0,0,0,0,0,0,0,14,0,0,0,0,0,0,0,0,0,0,0,0,0,0,0,0,0,0,0,0,0,0,0,0,48,0,0,0,0,0,0,0,0,0,0,0,0,0,0,0,0,0,0,0,0,0,0,0,0,0,0,0,0,0,0,0,0,0,0,0,0,0,0,0,0,0,0,0,0,0,0,0,0,0,0,0,0,0,0,5,35,34,4,8,12,22,16,20,19,0,30,0,33,0,0,47,11,28
1356868800,0,0,0,24,6,0,17,44,15,0,0,0,0,0,0,0,0,0,0,0,0,0,0,0,0,0,0,0,19,0,11,9,0,2,0,0,0,0,0,0,15,0,36,0,41,23,0,0,0,0,0,0,47,33,38,0,0,0,0,0,0,0,0,0,0,0,25,0,0,0,0,0,34,0,8,10,0,0,0,0,8,0,0,0,0,0,0,0,0,0,0,0,0,0,0,0,0,0,0,0,0,38,0,0,0,44,19,0,1,2,48,0,0,0,27,0,0,0,0,0,0,0,0,0,0,0,0,0,0,19,0,24,0,0,19,9,3,35,0,0,0,0,25,0,0,0,0,9,25,18,2,6,2,14,24,1,0,0,19,0,14,0,0,0,0,0,0,0,0,0,0,0,0,0,0,50,11,37,14,0,0,12,0,10,0,0,22,0,48,0,29,11,5,28,10,1,6,15,48,8,15,7,10,15,13,26,50,5,7,20,0,23,25,12,4,14,12,0,4,7,20,0,2,0,0,26,0,8,8,9,0,8,3,16,11,13,5,25,0,0,0,0,0,0,0,0,0,0,0,0,0,0,0,0,0,0,41,0
1356868800,5,26,15,11,14,7,20,0,0,42,34,0,7,0,0,0,0,0,0,0,0,0,0,0,0,2,1,3,1,1,2,1,1,1,1,0,0,0,16,10,10,0,8,45,33,0,0,0,17,40,0,0,45,0,0,0,7,0,35,0,0,0,10,0,19,0,4,27,18,8,27,0,1,1,0,4,0,3,27,0,0,0,0,0,0,0,0,0,0,0,0,0,0,0,0,36,0,0,0,0,28,0,0,0,0,45,15,3,0,0,0,0,0,0,0,0,0,0,37,0,0,0,0,0,0,0,0,0,0,0,0,0,0,0,0,21,36,0,32,0,0,12,45,0,0,0,0,0,26,0,0,22,47,0,34,14,0,0,2,5,37,0,0,0,0,32,0,0,27,20,0,0,0,0,1,1,1,1,1,1,4,3,1,1,1,1,1,0,1,1,3,1,1,4,1,17,1,2,2,1,1,1,1,1,1,1,1,1,1,1,1,1,1,1,1,1,1,0,1,1,2,2,1,1,43,1,0,2,1,1,1,1,1,2,1,1,1,1,0,0,0,0,0,0,0,0,0,0,0,0,0,0,0,33,0,0,37,18
1356868800,0,0,23,0,15,6,0,50,46,0,41,0,0,0,0,0,0,0,0,0,0,0,0,0,0,0,0,0,0,0,0,0,0,0,26,0,0,0,0,0,0,0,0,21,0,0,0,26,0,0,0,0,0,0,13,0,0,0,0,0,0,0,27,0,18,0,36,19,0,31,0,0,0,28,0,0,26,0,6,3,0,0,0,0,0,0,0,0,0,0,0,0,0,0,0,0,0,0,0,5,35,30,0,0,0,0,42,33,0,0,38,0,0,19,24,0,0,0,15,0,0,0,0,0,0,0,27,22,25,0,14,17,0,0,0,0,0,0,0,0,0,0,0,0,0,0,0,0,27,0,0,0,0,0,0,0,40,0,0,44,0,0,0,0,0,0,0,0,0,0,0,41,0,0,0,0,0,0,0,0,0,0,0,0,0,0,0,0,0,41,0,18,0,0,0,0,0,0,0,0,0,0,0,0,0,0,0,15,29,0,0,0,0,0,0,0,0,0,0,0,0,0,0,0,0,0,0,0,0,0,0,0,0,0,0,0,0,0,0,38,10,48,30,34,0,0,34,46,0,41,33,0,45,0,46,15,22,26
1356868800,0,17,0,39,17,11,0,0,0,18,4,19,0,0,0,0,0,0,0,0,0,0,0,0,0,30,5,6,0,0,45,34,0,23,0,0,0,0,0,0,0,0,0,0,0,0,1,0,13,2,1,1,8,2,2,4,8,2,23,1,3,0,47,0,28,0,13,18,0,0,17,0,9,48,0,9,21,4,1,0,0,0,7,0,0,0,0,0,0,0,0,0,0,0,0,0,0,48,0,0,0,0,0,0,3,0,0,0,46,0,0,0,0,0,0,0,0,0,1,0,4,41,27,0,0,1,1,0,1,0,0,0,0,0,0,2,0,20,42,23,10,7,11,9,0,24,0,6,28,0,0,0,0,0,0,0,0,0,0,35,9,0,0,0,0,0,0,0,45,0,0,0,0,0,6,2,0,2,9,5,10,9,3,13,14,2,10,2,20,13,2,0,37,0,30,0,0,0,0,0,38,0,43,26,0,19,0,0,0,21,21,42,0,0,0,0,0,0,0,9,0,6,0,0,0,0,0,0,0,49,0,32,0,0,16,31,0,49,0,0,0,0,0,0,0,0,0,0,0,0,0,0,0,0,0,25,34,0
1356868800,0,0,39,0,25,13,0,18,29,0,30,0,0,0,35,32,0,0,0,0,0,0,0,0,0,0,0,43,39,0,0,0,0,25,0,0,0,0,0,0,0,0,0,0,0,0,46,7,0,0,0,0,0,0,25,0,0,0,0,45,0,0,36,0,9,0,39,7,0,25,39,0,27,40,0,0,5,0,14,4,0,0,0,0,0,0,0,0,0,0,0,0,0,0,0,0,0,7,0,32,9,44,0,0,0,0,34,18,0,0,23,0,29,13,18,0,0,0,5,0,13,0,0,0,0,0,0,5,24,31,6,0,0,0,25,0,45,0,25,38,24,0,23,30,0,0,0,27,29,0,0,0,0,0,0,0,13,0,0,40,0,0,0,19,0,0,0,0,31,44,0,4,0,0,0,0,0,0,0,44,0,0,0,0,0,0,0,0,0,46,0,28,21,22,0,0,0,0,0,0,34,0,0,0,46,0,0,34,0,0,0,0,0,0,0,0,37,0,0,32,0,0,0,29,0,0,0,0,0,0,0,0,0,0,35,18,0,0,34,29,11,31,19,19,35,41,43,29,13,38,40,41,31,27,9,14,16,0
1356868800,0,0,0,0,0,0,0,0,4,27,0,0,0,0,3,1,6,4,3,3,4,3,2,4,3,49,45,32,15,22,37,0,0,0,0,3,0,0,0,0,30,0,0,14,0,0,0,8,28,0,45,0,39,31,0,0,0,21,0,0,0,0,0,0,0,0,0,0,0,0,0,0,0,0,0,0,13,19,0,0,0,0,0,0,0,0,0,0,0,0,0,0,0,0,0,0,0,0,0,7,0,26,26,0,0,0,0,0,0,0,2,0,5,4,2,0,0,0,0,0,0,0,0,0,0,0,0,0,0,4,1,3,0,6,3,0,13,0,0,22,0,0,0,0,0,36,0,0,30,0,0,0,0,0,0,0,0,0,12,0,0,0,0,0,0,0,6,0,4,2,0,8,0,0,0,0,26,0,0,0,50,0,0,0,0,0,0,0,40,0,0,0,33,0,0,0,0,0,0,0,0,0,0,0,3,0,0,44,45,0,0,0,0,0,0,0,26,0,0,0,0,0,0,30,0,0,0,0,0,0,17,0,0,0,0,0,41,0,25,0,0,0,0,0,0,0,0,0,0,0,0,16,0,23,12,32,46,10
1356868800,0,0,0,0,0,0,0,0,0,0,0,0,0,0,0,0,0,0,0,0,0,0,0,0,0,0,0,0,0,50,0,0,0,0,0,18,0,0,0,0,0,0,0,19,0,0,0,0,0,0,0,0,0,26,0,0,0,0,0,0,0,0,0,0,0,0,0,0,0,0,0,0,0,0,0,0,0,27,11,0,1,0,23,0,0,0,0,0,0,0,0,0,0,0,0,0,0,21,0,19,0,19,36,0,0,0,0,0,0,0,0,0,0,0,0,0,0,0,47,0,0,0,30,0,0,36,0,0,0,34,3,0,0,0,17,0,0,0,0,9,0,0,0,0,0,0,0,42,31,0,0,0,0,0,0,0,0,0,3,0,0,0,0,0,0,0,0,0,11,48,0,21,0,0,0,0,0,0,0,0,0,0,0,0,0,0,0,0,49,0,0,0,0,0,0,0,0,47,0,0,0,0,0,0,0,0,0,0,0,0,0,0,0,0,0,0,0,0,0,0,0,0,0,0,0,0,0,0,0,0,0,0,0,0,0,0,0,0,20,20,0,0,24,39,0,36,0,0,0,0,0,0,0,0,0,0,0,0
1356868800,16,7,13,0,0,0,0,0,0,26,33,0,0,0,0,0,0,0,0,0,0,0,0,0,0,21,36,26,0,19,17,8,0,9,0,34,0,0,0,0,0,0,0,0,46,0,18,46,38,0,15,48,0,0,46,0,0,0,0,31,0,0,0,0,0,0,0,0,0,0,0,0,0,0,0,19,0,0,12,0,0,0,0,0,0,0,0,0,0,0,0,0,0,0,0,14,0,0,0,0,6,4,0,48,0,33,0,49,34,26,0,0,0,0,0,0,0,0,25,0,2,0,42,0,0,15,3,0,17,0,0,0,0,42,0,17,0,41,0,0,17,39,29,22,0,14,0,0,32,0,0,0,0,0,0,0,0,0,0,47,0,0,0,0,0,0,0,0,42,0,0,0,0,0,29,0,22,23,27,21,0,0,32,0,0,0,34,0,0,0,0,0,0,0,29,0,38,0,0,0,25,0,39,28,0,35,0,0,0,8,0,31,0,32,0,15,43,0,0,42,35,26,0,33,0,22,0,23,0,0,0,0,0,0,18,24,0,32,0,0,0,0,0,0,0,29,21,23,24,21,0,0,0,39,16,0,47,27
1356868800,0,0,0,0,0,0,0,0,0,0,0,0,0,0,0,0,0,0,0,0,0,0,0,0,0,0,0,0,0,0,0,0,0,0,0,0,0,0,0,0,0,0,0,0,0,0,0,33,0,45,0,0,0,0,0,0,0,45,0,0,0,0,0,0,0,0,0,0,0,0,0,0,0,0,0,0,0,0,7,0,0,0,0,0,0,0,0,0,0,0,0,0,0,0,0,17,0,8,0,0,0,15,0,0,0,0,0,0,0,0,0,0,0,0,0,0,0,0,0,0,0,43,0,0,0,0,0,0,0,0,0,0,0,0,23,0,0,0,0,0,0,0,0,0,0,0,0,0,33,0,0,0,0,0,0,0,0,0,28,0,0,0,0,0,0,0,0,0,23,0,0,0,0,0,0,0,0,0,0,0,0,0,0,0,0,0,0,0,0,0,0,0,0,0,0,0,0,0,0,0,0,0,0,0,0,0,0,0,0,0,0,0,35,0,0,0,0,0,0,0,0,0,0,0,0,0,0,0,0,0,0,0,0,0,0,0,0,0,0,0,0,0,0,0,0,0,0,0,0,0,0,0,0,0,0,0,0,0
1356868800,0,0,0,31,10,19,43,9,35,0,17,0,0,0,0,0,0,0,0,0,0,0,0,0,0,0,0,16,0,0,0,0,0,0,39,0,0,0,0,0,0,0,48,0,47,34,6,5,0,50,0,25,0,0,27,0,29,41,0,24,0,0,16,0,13,0,15,12,46,2,20,0,22,31,0,0,15,36,19,28,0,0,0,0,0,0,0,0,0,0,0,0,0,0,0,0,0,0,0,29,0,0,0,0,0,0,43,22,0,0,14,0,0,17,42,0,0,0,7,0,24,0,0,7,0,0,0,0,36,27,29,33,0,0,39,0,0,0,34,0,31,0,16,35,0,0,0,0,34,0,0,0,0,0,0,46,0,0,0,19,50,0,0,21,0,0,0,10,0,31,0,0,0,0,0,0,0,41,0,0,0,0,0,0,0,0,0,0,44,0,27,14,8,0,0,0,30,0,0,41,31,36,49,43,0,0,0,7,30,48,34,0,0,17,0,0,0,0,0,0,0,0,0,25,0,0,0,0,0,0,0,0,0,0,38,12,0,46,0,18,15,40,16,0,48,0,44,37,12,28,49,29,9,0,31,33,15,44
1356868800,0,0,0,0,0,0,0,0,0,0,0,0,0,0,33,0,0,0,0,0,0,0,0,0,0,0,0,0,0,0,0,0,0,0,0,25,0,0,0,0,0,0,0,0,0,0,0,0,0,0,0,0,0,0,0,0,0,0,0,0,0,0,0,0,0,0,0,0,0,0,0,0,0,0,0,0,0,0,26,0,0,0,0,0,0,0,0,0,0,0,0,0,0,0,0,26,0,0,0,10,0,0,0,0,0,0,0,0,0,0,0,0,0,0,0,0,0,0,0,0,0,0,0,0,0,0,0,0,0,0,0,0,0,0,0,0,0,0,0,0,0,0,0,0,0,0,0,0,35,0,0,0,0,0,0,0,0,0,0,0,0,0,0,0,0,0,0,13,0,0,0,0,0,0,0,0,0,0,0,0,48,0,0,0,0,0,46,0,23,0,0,0,0,0,0,0,0,0,0,0,0,0,0,0,0,0,0,0,0,0,0,0,0,0,0,0,0,0,0,0,0,0,0,0,0,0,0,0,0,0,0,0,0,0,0,0,0,0,0,0,0,0,0,0,0,0,0,0,0,0,0,0,0,0,0,0,0,0
1356868800,0,0,0,0,0,0,0,0,0,20,0,0,0,0,0,0,0,0,0,0,0,0,0,0,0,0,0,0,0,0,0,0,0,0,0,0,0,0,0,0,0,0,0,0,0,0,0,0,0,0,0,0,0,0,0,0,0,0,0,0,0,0,0,0,0,0,0,0,0,0,0,0,0,0,0,0,0,0,0,0,0,0,0,0,0,0,0,0,0,0,0,0,0,0,0,0,0,0,0,0,0,0,0,0,0,0,0,35,0,0,0,0,0,0,0,0,0,0,0,0,0,0,0,0,0,0,0,0,0,0,0,0,0,0,0,0,0,0,0,0,18,26,18,45,0,5,0,17,36,0,50,50,44,0,0,0,0,0,0,0,0,0,0,10,0,0,0,0,0,0,0,0,0,0,0,0,0,0,0,0,0,0,0,0,0,0,0,0,0,0,0,0,0,0,0,0,0,0,0,43,0,0,0,0,0,0,0,0,0,0,0,50,0,0,0,0,0,0,0,0,0,0,0,0,0,0,0,0,0,0,0,0,0,0,0,0,0,0,8,15,7,5,15,30,47,35,36,30,11,46,46,48,0,0,0,50,0,23
1356868800,0,0,0,16,49,43,5,0,48,0,0,0,0,0,14,4,3,9,33,18,12,0,8,2,8,36,40,0,0,0,36,0,5,0,0,5,0,0,0,0,0,11,24,4,0,0,0,13,0,39,0,43,0,0,33,0,20,29,0,47,0,0,0,0,46,0,32,41,24,0,0,0,0,0,0,0,0,0,0,0,0,0,0,0,0,0,29,0,0,0,0,0,0,0,0,0,0,3,0,0,17,17,3,1,0,0,31,50,0,0,0,0,0,25,14,0,0,0,0,0,8,0,0,0,0,0,0,0,0,42,0,0,0,0,18,15,0,0,0,0,35,0,35,0,0,25,0,11,37,0,0,0,0,0,0,0,0,0,1,39,0,0,0,45,0,0,0,0,48,0,0,0,0,0,47,0,27,0,0,35,0,0,42,19,0,31,43,21,0,42,0,43,0,33,0,10,24,45,14,28,0,27,35,50,0,0,5,23,28,0,0,43,29,10,0,32,0,0,25,0,0,31,29,0,0,0,0,0,35,24,0,26,9,0,33,0,30,0,15,16,20,22,0,0,0,0,25,12,27,24,25,27,25,0,14,12,24,25
1356868800,0,0,0,14,36,0,30,0,0,13,0,0,0,0,0,0,0,0,0,0,0,0,0,0,0,0,0,0,0,0,0,0,0,0,0,0,0,0,0,0,0,0,0,0,16,3,25,0,0,27,0,0,0,38,0,0,25,0,0,0,43,0,0,0,0,0,29,0,44,0,35,0,42,8,0,0,0,0,0,0,0,0,0,0,0,0,0,0,0,0,0,0,0,0,0,0,0,0,0,0,0,0,0,0,7,0,0,21,10,13,0,0,0,0,0,0,0,0,0,0,0,0,0,0,0,0,0,0,0,0,0,0,0,0,0,0,0,0,13,0,32,23,38,0,0,0,0,22,38,46,8,17,6,11,29,28,0,0,0,0,19,0,0,0,0,0,0,0,0,0,0,0,0,0,0,29,0,0,0,0,37,0,0,0,38,0,37,0,13,0,0,37,0,24,0,0,0,0,0,0,0,0,44,0,0,0,0,0,0,0,0,0,0,0,0,0,0,0,0,0,0,0,0,0,0,0,0,0,0,0,0,0,0,0,0,0,0,0,0,0,0,0,0,0,0,0,0,0,0,0,0,0,0,0,0,0,0,0
1356868800,0,0,0,0,47,23,0,0,0,0,18,0,0,0,0,0,0,0,0,0,0,0,0,0,0,0,0,0,0,0,0,0,0,0,0,0,0,0,0,0,0,46,0,0,0,0,0,0,0,0,0,0,0,0,0,0,0,0,0,0,0,0,30,0,39,0,0,16,33,0,0,0,0,0,0,45,0,0,0,5,0,0,0,0,0,0,0,0,0,0,0,0,0,0,0,0,0,0,0,40,30,0,0,0,48,0,0,0,0,0,0,0,0,41,0,0,0,0,0,0,0,0,0,0,0,0,0,0,19,0,0,0,0,0,0,0,0,50,43,8,23,0,0,0,0,0,0,43,39,0,0,0,0,0,0,0,0,0,0,11,0,0,0,0,0,0,0,0,0,0,0,0,0,0,0,0,0,0,0,0,0,0,0,0,0,0,0,0,0,0,0,0,0,0,0,0,0,0,0,0,0,0,0,0,0,0,0,0,0,0,0,0,0,0,0,0,0,0,0,0,0,0,0,0,0,0,0,0,0,0,0,0,0,0,0,0,0,0,0,8,31,28,5,7,13,24,17,22,14,29,23,0,27,0,41,0,10,24
1356868800,0,0,0,10,0,0,0,0,0,0,0,0,0,0,0,0,0,0,0,0,0,0,0,0,0,0,0,0,0,0,0,0,0,0,0,0,0,0,0,0,0,0,0,0,0,10,0,0,0,0,0,0,0,0,23,0,0,0,0,0,0,0,0,0,33,0,24,0,0,0,28,0,0,0,0,0,0,0,0,0,0,0,0,0,0,0,0,0,0,0,0,0,0,0,0,0,0,0,0,0,0,0,0,0,38,0,0,0,15,15,0,0,0,0,0,0,0,0,0,0,0,0,0,0,0,0,0,0,0,0,0,0,0,0,0,0,0,0,48,0,47,15,0,0,0,0,0,0,40,26,17,34,36,18,0,11,0,0,13,0,0,0,0,0,0,0,0,0,0,0,0,0,0,0,0,0,0,0,0,0,0,0,0,0,0,0,0,0,0,0,0,0,0,0,0,0,0,0,0,0,0,0,0,0,0,0,0,0,0,0,0,0,0,0,0,0,0,0,0,0,0,0,0,0,0,0,0,0,0,0,0,0,0,0,0,0,0,0,0,0,0,0,0,0,0,0,0,0,36,13,0,40,0,45,0,45,0,0
1356868800,0,0,0,0,45,0,0,0,0,0,46,0,0,0,0,0,0,0,0,0,0,0,0,0,0,0,0,0,0,0,0,0,0,0,0,0,0,0,0,0,0,0,0,0,0,0,0,0,0,0,0,0,0,0,0,0,0,0,0,0,0,0,31,0,0,0,0,22,0,0,0,0,0,0,0,0,0,0,0,30,0,0,0,0,0,0,0,0,0,0,0,0,0,0,0,0,0,0,0,0,0,0,0,0,0,0,0,0,0,0,0,0,0,42,0,0,0,0,0,0,0,0,0,0,0,0,0,0,37,0,0,0,0,0,0,0,0,0,0,41,42,0,0,0,0,0,0,46,41,0,0,0,0,0,0,0,0,0,0,17,0,0,0,0,0,0,0,34,0,0,0,0,0,0,0,0,0,0,0,0,0,0,0,0,0,0,0,0,0,0,0,0,0,0,0,0,0,0,0,0,0,0,0,0,0,0,0,0,0,0,0,0,0,0,0,0,0,0,0,0,0,0,0,0,0,0,0,0,0,0,0,0,0,0,0,0,0,0,0,11,28,37,7,11,22,31,30,32,32,47,0,0,0,0,0,0,23,30
1356868800,0,0,0,0,33,30,0,0,0,28,6,0,0,0,0,0,0,0,0,0,0,0,0,0,0,29,27,8,0,0,26,16,0,0,0,0,0,0,0,0,0,0,0,0,35,0,49,0,9,35,0,9,41,23,42,0,0,9,27,8,26,0,0,0,0,0,17,28,0,0,21,0,11,0,0,32,14,11,3,0,0,0,9,0,0,0,0,0,0,0,0,0,0,0,0,0,0,0,0,0,0,0,0,0,4,0,0,0,27,44,0,0,0,0,0,0,0,0,2,0,3,0,7,0,0,4,13,0,4,0,0,0,0,0,0,8,0,13,0,0,39,16,46,42,0,0,0,0,42,0,0,0,0,0,0,0,0,0,0,23,0,0,0,0,0,0,0,0,0,0,0,0,0,0,11,6,46,4,29,23,27,15,13,30,23,4,16,0,35,23,9,0,0,0,0,0,36,0,0,0,45,0,40,22,0,0,0,0,0,36,20,35,0,0,0,43,0,0,0,0,0,13,0,0,0,0,0,0,0,0,0,0,0,0,25,47,0,0,0,0,0,0,0,0,0,0,0,0,0,0,0,0,0,0,0,0,0,0
1356868800,0,0,28,0,0,0,0,0,0,0,0,0,0,0,0,0,37,0,0,0,0,0,43,31,0,0,0,0,0,0,0,0,40,0,0,20,0,0,0,0,0,0,0,34,0,0,0,0,0,0,0,0,0,0,0,0,0,0,0,0,0,0,0,2,0,0,0,0,0,0,0,0,0,0,0,0,0,0,0,0,0,0,0,0,0,0,0,0,0,0,0,0,0,0,0,0,0,0,0,0,0,36,40,0,0,0,0,0,0,0,0,0,0,0,0,0,0,0,0,0,0,27,0,0,0,0,0,0,0,0,0,0,0,0,0,34,11,0,0,40,28,0,20,13,0,0,0,32,43,0,0,0,0,0,0,0,0,0,0,0,0,0,0,0,0,0,0,0,0,0,0,0,0,0,0,0,0,0,0,0,0,0,0,0,0,0,0,0,0,0,38,0,0,0,0,18,0,0,0,0,0,39,0,0,0,0,0,0,0,0,0,0,0,0,0,0,0,0,0,0,0,0,0,0,0,0,0,0,0,0,0,0,0,19,0,0,19,0,6,19,8,10,28,23,0,37,0,24,0,23,34,0,26,15,21,18,36,0
1356868800,0,0,0,0,5,0,0,0,0,16,0,0,0,0,0,0,0,0,0,0,0,0,0,0,0,0,28,18,46,8,0,0,0,18,0,0,0,0,0,0,0,0,0,0,49,0,0,0,0,0,0,0,0,0,0,0,14,0,32,0,0,0,0,0,0,0,0,0,0,0,37,0,25,0,0,20,11,47,0,0,0,0,0,0,0,0,0,0,0,0,0,0,0,0,0,0,0,0,0,0,0,0,0,0,0,0,21,19,24,0,0,0,0,0,0,0,0,0,0,40,0,0,0,0,0,0,0,0,34,0,0,0,0,0,0,0,43,45,0,0,0,0,0,0,0,0,0,0,44,0,0,0,30,0,44,0,50,0,0,0,15,0,0,4,0,0,0,0,0,0,0,0,0,0,45,45,21,39,0,0,0,0,20,38,0,11,35,0,0,18,8,38,15,0,16,45,41,0,40,22,21,0,0,0,0,0,0,41,0,0,33,0,0,50,21,0,49,0,0,0,31,0,6,0,0,43,0,0,18,29,11,39,0,0,0,0,24,26,0,0,0,0,0,0,0,0,0,0,0,0,0,0,0,0,11,0,0,0
1356868800,18,33,22,5,11,1,22,4,0,0,25,0,0,0,0,0,0,0,0,0,0,0,0,0,0,15,7,19,3,2,0,4,20,7,9,0,0,0,0,0,0,0,0,38,0,43,0,0,0,0,0,0,49,0,0,0,0,0,25,0,0,0,1,0,4,0,3,10,6,3,11,0,15,23,0,1,38,10,0,0,0,0,0,0,0,0,0,0,0,0,0,0,0,0,0,0,0,0,0,0,0,13,0,0,29,10,11,5,19,4,0,0,34,0,28,0,0,0,0,0,6,0,0,0,0,0,0,0,0,0,0,0,0,0,0,0,12,0,23,4,19,8,15,18,0,12,0,0,45,11,6,10,16,30,15,4,0,0,0,18,13,0,0,9,0,0,0,0,0,0,0,0,0,0,22,7,4,11,6,24,11,5,17,2,3,0,18,0,5,6,18,7,35,0,17,25,20,4,16,6,18,10,8,13,45,24,21,14,32,25,10,17,32,22,9,26,5,0,8,4,5,8,0,14,0,7,0,7,12,7,20,6,8,45,36,37,21,19,0,0,0,0,0,0,25,20,32,26,37,10,24,0,37,50,24,36,0,34
1356868800,0,0,0,0,0,0,0,0,0,30,0,0,0,0,0,0,0,0,0,0,0,0,0,0,0,0,0,0,0,0,0,0,0,0,0,0,0,0,0,0,0,0,0,0,0,0,0,0,0,0,0,0,0,0,0,0,0,0,0,0,0,0,0,0,0,0,0,0,0,0,0,0,0,0,0,0,0,0,0,0,0,0,0,0,0,0,0,0,0,0,0,0,0,0,0,0,0,0,0,0,0,0,0,0,0,0,0,0,0,0,0,0,0,0,0,0,0,0,0,0,0,0,0,0,0,0,0,0,0,0,0,0,0,0,0,0,0,0,14,0,0,0,34,0,0,16,0,26,46,0,0,0,0,0,0,0,0,0,0,0,0,0,0,0,0,0,0,0,0,0,0,0,0,0,0,0,0,0,0,0,0,0,0,0,0,0,0,0,0,0,0,0,0,0,0,0,0,0,0,0,0,0,0,0,0,0,0,0,0,0,0,0,0,0,0,0,0,0,0,0,0,0,0,0,0,0,0,0,0,0,0,0,0,0,0,0,0,0,0,0,0,0,0,0,0,0,0,0,28,44,0,0,48,0,0,0,0,32
1356868800,0,0,0,0,0,0,0,0,0,0,0,23,0,0,0,0,0,0,0,0,0,0,0,0,0,0,0,0,0,0,0,0,0,0,0,0,0,0,0,0,0,0,0,0,0,0,37,0,31,0,0,0,0,0,0,37,0,0,16,0,0,0,0,0,0,0,0,0,0,0,0,0,0,0,0,38,0,0,0,0,0,0,0,0,0,0,0,0,0,0,0,0,0,0,0,0,0,0,0,0,0,0,0,0,0,0,0,0,0,0,0,0,0,0,0,0,0,0,0,14,0,0,15,0,0,0,17,0,0,0,0,0,0,0,0,0,0,0,0,0,0,0,0,0,0,0,0,0,47,0,0,0,0,0,0,0,0,0,0,0,0,0,0,0,0,0,0,0,0,0,0,0,0,0,0,0,0,0,0,0,0,0,0,0,0,0,0,0,0,0,0,0,0,0,0,0,0,0,0,0,48,0,0,30,0,0,0,0,0,0,0,0,47,0,0,38,0,0,31,0,0,0,0,0,0,0,0,0,50,0,0,0,0,0,0,0,0,0,0,0,0,0,0,0,0,0,0,0,0,0,0,0,0,0,0,0,0,0
1356868800,0,0,45,0,0,0,0,0,0,0,0,0,0,0,0,0,0,0,0,0,0,0,0,0,0,0,0,0,0,0,0,0,0,0,0,0,0,0,0,0,0,0,0,0,0,0,0,0,26,0,0,0,0,0,0,0,0,0,42,0,0,0,0,0,0,0,0,0,0,0,0,0,0,0,0,0,0,0,0,0,0,0,0,0,0,0,0,0,0,0,0,0,0,0,0,0,0,0,0,0,0,0,0,0,0,0,0,0,0,0,0,0,0,0,0,0,0,0,0,1,0,0,22,0,0,0,0,0,0,0,0,0,0,0,0,42,0,0,0,29,0,0,0,0,0,0,0,0,48,0,0,0,0,0,0,0,0,0,0,0,0,0,0,0,0,0,0,0,0,0,0,0,0,0,0,0,0,0,0,0,0,0,0,0,0,0,0,0,0,0,0,0,0,0,0,0,0,0,44,0,0,0,0,36,0,0,0,0,0,0,0,0,0,0,0,0,0,0,33,0,0,0,0,0,0,0,0,0,0,0,0,0,0,0,0,0,0,0,0,0,0,0,0,0,0,0,0,0,0,0,0,0,0,0,0,0,0,0
1356868800,0,0,0,0,0,0,0,0,0,0,0,0,0,0,0,0,0,0,0,0,0,0,0,0,0,0,0,0,0,0,0,0,0,0,0,0,0,49,0,0,0,0,0,0,0,0,0,0,0,0,0,0,0,0,0,0,0,0,0,0,0,0,0,0,0,0,0,0,0,0,0,0,0,0,0,0,0,0,0,0,0,0,0,0,0,0,0,0,0,0,0,0,0,0,0,0,0,0,0,0,0,0,0,0,0,0,0,0,0,0,0,0,0,0,0,0,0,0,0,0,0,0,0,0,0,0,0,0,0,0,0,0,0,0,0,0,0,0,0,0,0,0,0,0,0,0,0,0,49,0,0,0,0,0,0,0,0,0,0,0,0,0,0,0,0,0,0,0,0,0,0,0,0,0,0,0,0,0,0,0,0,0,0,0,0,0,0,0,0,0,0,0,0,0,0,0,0,0,0,0,0,0,0,0,0,0,0,0,0,0,0,0,0,0,0,0,0,0,0,0,0,0,0,0,0,0,0,0,0,0,0,0,0,0,0,0,0,0,0,0,0,0,0,0,0,0,0,0,0,0,0,0,0,0,0,0,0,0
1356868800,0,29,12,0,0,15,0,0,0,0,0,0,0,0,0,0,0,0,0,0,0,0,0,0,0,32,0,0,14,25,43,18,0,16,13,0,0,0,20,11,12,0,6,25,0,33,21,0,42,0,0,0,0,24,0,29,0,0,2,0,0,0,20,40,0,0,21,0,36,0,13,0,26,0,0,0,32,35,0,0,0,0,0,0,0,0,0,0,0,0,0,0,0,0,37,4,0,0,0,0,0,3,0,0,50,32,33,16,26,30,0,0,0,0,0,0,0,0,0,0,0,0,0,0,0,0,0,0,0,0,0,0,0,0,0,0,0,23,33,0,43,0,36,0,0,0,0,0,50,25,34,30,31,0,43,24,36,0,11,45,0,21,0,0,0,41,0,0,0,38,0,0,0,0,0,26,2,29,16,40,47,40,0,47,0,0,23,0,22,0,37,6,6,0,6,5,4,11,20,5,7,14,3,9,23,25,36,3,10,11,4,8,4,4,3,12,8,0,9,2,4,15,8,24,0,6,0,3,37,16,3,2,11,0,8,8,8,10,23,0,27,8,23,27,0,0,0,43,0,19,29,0,0,0,38,21,0,17
